[{"place_name": "生田神社 楼門", "lat": 34.6945159, "lng": 135.1907742, "review": "青い空と森の緑に映えます。", "place_iword": "森", "exhibit_name": "マキシ：チクザ（少年たちの折檻役）", "exhibit_id": "K0006849", "exhibit_iword": "森", "exhibit_image_url": "http://htq.minpaku.ac.jp/images/mo/K0/00/68/K0006849-studio-00-01-org.jpg", "kaisetsu": "この儀礼に、これらマキシとよばれる踊り手が森からあらわれ、少年たちの教育や世話をする。"}, {"place_name": "神戸市のゴミ回収 不用品回収業者関西エコリサイクル神戸", "lat": 34.6871312, "lng": 135.1981557, "review": "田中海斗さんに対応していただいたのですが、\n丁寧で対応も良く利用させていただいて良かったです。", "place_iword": "田中", "exhibit_name": "マキシ：チクザ（少年たちの折檻役）", "exhibit_id": "K0006849", "exhibit_iword": "森", "exhibit_image_url": "http://htq.minpaku.ac.jp/images/mo/K0/00/68/K0006849-studio-00-01-org.jpg", "kaisetsu": "この儀礼に、これらマキシとよばれる踊り手が森からあらわれ、少年たちの教育や世話をする。"}, {"place_name": "株式会社ビート 神戸支店", "lat": 34.695132, "lng": 135.198208, "review": "よく電話に出る山田っていう名前の女性だけ対応も態度も悪い。", "place_iword": "山田", "exhibit_name": "マキシ：チクザ（少年たちの折檻役）", "exhibit_id": "K0006849", "exhibit_iword": "森", "exhibit_image_url": "http://htq.minpaku.ac.jp/images/mo/K0/00/68/K0006849-studio-00-01-org.jpg", "kaisetsu": "この儀礼に、これらマキシとよばれる踊り手が森からあらわれ、少年たちの教育や世話をする。"}, {"place_name": "ナガサワ文具センター 本店", "lat": 34.691305, "lng": 135.192345, "review": "\nプラチナの万年筆はかれこれ４０年近く使用してますが、吉田先生に調整してもらってから、すこぶる書き心地がよくなり、これからも末永く愛用したいと思います。", "place_iword": "吉田", "exhibit_name": "マキシ：チクザ（少年たちの折檻役）", "exhibit_id": "K0006849", "exhibit_iword": "森", "exhibit_image_url": "http://htq.minpaku.ac.jp/images/mo/K0/00/68/K0006849-studio-00-01-org.jpg", "kaisetsu": "この儀礼に、これらマキシとよばれる踊り手が森からあらわれ、少年たちの教育や世話をする。"}, {"place_name": "nail&eyelash JUNX神戸三宮店", "lat": 34.6931659, "lng": 135.1890316, "review": "小野店と神戸店両方でお世話になっております！\nどのスタッフさんにフットネイルをしていただいても、見栄えよく完璧に仕上げて下さいます。", "place_iword": "小野", "exhibit_name": "マキシ：チクザ（少年たちの折檻役）", "exhibit_id": "K0006849", "exhibit_iword": "森", "exhibit_image_url": "http://htq.minpaku.ac.jp/images/mo/K0/00/68/K0006849-studio-00-01-org.jpg", "kaisetsu": "この儀礼に、これらマキシとよばれる踊り手が森からあらわれ、少年たちの教育や世話をする。"}, {"place_name": "オステオパシールームmokume", "lat": 34.6903203, "lng": 135.1896993, "review": "回数を重ねる度に身体が良くなり、痛みもなくなりました！更に身体のエネルギー(循環)がよくなり、心身ともに前向きにもなりました！\n今では「少し身体がしんどいなぁ」と感じた時はすぐに高田先生にお願いしています♪\nこれからもお世話になります！。", "place_iword": "高田", "exhibit_name": "マキシ：チクザ（少年たちの折檻役）", "exhibit_id": "K0006849", "exhibit_iword": "森", "exhibit_image_url": "http://htq.minpaku.ac.jp/images/mo/K0/00/68/K0006849-studio-00-01-org.jpg", "kaisetsu": "この儀礼に、これらマキシとよばれる踊り手が森からあらわれ、少年たちの教育や世話をする。"}, {"place_name": "熊本火の国ワールド 神戸三宮店", "lat": 34.6935683, "lng": 135.1924123, "review": "机に置いてあるお醤油なとが全て熊本のものだったのもこだわりを感じました。", "place_iword": "熊本", "exhibit_name": "マキシ：チクザ（少年たちの折檻役）", "exhibit_id": "K0006849", "exhibit_iword": "森", "exhibit_image_url": "http://htq.minpaku.ac.jp/images/mo/K0/00/68/K0006849-studio-00-01-org.jpg", "kaisetsu": "この儀礼に、これらマキシとよばれる踊り手が森からあらわれ、少年たちの教育や世話をする。"}, {"place_name": "Ｐ＆Ｇジャパン", "lat": 34.6934166, "lng": 135.1960338, "review": "瀬戸大地はCMから降ろしてほしいです。", "place_iword": "瀬戸", "exhibit_name": "マキシ：チクザ（少年たちの折檻役）", "exhibit_id": "K0006849", "exhibit_iword": "森", "exhibit_image_url": "http://htq.minpaku.ac.jp/images/mo/K0/00/68/K0006849-studio-00-01-org.jpg", "kaisetsu": "この儀礼に、これらマキシとよばれる踊り手が森からあらわれ、少年たちの教育や世話をする。"}, {"place_name": "三宮不動産（アサヒ興産株式会社）", "lat": 34.6938824, "lng": 135.1920136, "review": "次又店舗を出す時も武田さんにお願いします。", "place_iword": "武田", "exhibit_name": "マキシ：チクザ（少年たちの折檻役）", "exhibit_id": "K0006849", "exhibit_iword": "森", "exhibit_image_url": "http://htq.minpaku.ac.jp/images/mo/K0/00/68/K0006849-studio-00-01-org.jpg", "kaisetsu": "この儀礼に、これらマキシとよばれる踊り手が森からあらわれ、少年たちの教育や世話をする。"}, {"place_name": "泳ぎイカとカツオの藁焼き 寅八商店 三宮店", "lat": 34.6925518, "lng": 135.1880712, "review": "高知郷土料理店というだけあって、鰹のたたきは高知で食べれる質と同等。", "place_iword": "高知", "exhibit_name": "マキシ：チクザ（少年たちの折檻役）", "exhibit_id": "K0006849", "exhibit_iword": "森", "exhibit_image_url": "http://htq.minpaku.ac.jp/images/mo/K0/00/68/K0006849-studio-00-01-org.jpg", "kaisetsu": "この儀礼に、これらマキシとよばれる踊り手が森からあらわれ、少年たちの教育や世話をする。"}, {"place_name": "マライカ 神戸元町店", "lat": 34.6884458, "lng": 135.1868932, "review": "\n先日ここのガネーシャ様をお迎えしました。", "place_iword": "ガネーシャ", "exhibit_name": "ガネーシャ神", "exhibit_id": "H0115557", "exhibit_iword": "ブラフマー", "exhibit_image_url": "http://htq.minpaku.ac.jp/images/mo/H0/11/55/H0115557-0005-ima01-0.jpg", "kaisetsu": "ヴィシュヌはブラフマーが創造した世界を維持する神で、イノシシ、魚、カメ、人獅子などに化身する。"}, {"place_name": "ＢＡＲ崑崙", "lat": 34.6934561, "lng": 135.1911136, "review": "年に数回ですが通いだして20年。", "place_iword": "年", "exhibit_name": "ガネーシャ神", "exhibit_id": "H0115557", "exhibit_iword": "シヴァ", "exhibit_image_url": "http://htq.minpaku.ac.jp/images/mo/H0/11/55/H0115557-0005-ima01-0.jpg", "kaisetsu": "象面の神ガネーシャはシヴァの息子である。"}, {"place_name": "インド料理レストラン ショナ・ルパ", "lat": 34.6929037, "lng": 135.1901261, "review": "おそらく神戸一のｲﾝﾄﾞ料理屋さんだと思います。", "place_iword": "ｲﾝﾄﾞ", "exhibit_name": "ガネーシャ神", "exhibit_id": "H0115557", "exhibit_iword": "ヴィシュヌ", "exhibit_image_url": "http://htq.minpaku.ac.jp/images/mo/H0/11/55/H0115557-0005-ima01-0.jpg", "kaisetsu": "叙事詩『ラーマーヤナ』の主人公ラーマ王子も後世、ヴィシュヌの化身と見なされた。"}, {"place_name": "SPAZIO 三宮北店", "lat": 34.6931465, "lng": 135.192117, "review": "最近になりゴッド凱旋を打ち始めて1っヶ月！\nビーナスギャラリーでは本当にマイナスでしかなかったですが、スパジオ三宮北口店で凱旋をするようになってから、凄く調子良く遊戯させてもらってます！\nジャグラーは好きなんですがスパジオ北口店では相性が悪いと思いました！\n\n本日夕方打ち出して、初めて夜ゴッドになりました⭐️\n今後も末永くお世話になります(´・∀・)。", "place_iword": "ビーナス", "exhibit_name": "ガネーシャ神", "exhibit_id": "H0115557", "exhibit_iword": "シヴァ", "exhibit_image_url": "http://htq.minpaku.ac.jp/images/mo/H0/11/55/H0115557-0005-ima01-0.jpg", "kaisetsu": "象面の神ガネーシャはシヴァの息子である。"}, {"place_name": "ファミリーマート 兵庫県警察本部店", "lat": 34.69007359999999, "lng": 135.1837912, "review": "外部の人は利用できないようです。", "place_iword": "外部", "exhibit_name": "ガネーシャ神", "exhibit_id": "H0115557", "exhibit_iword": "シヴァ", "exhibit_image_url": "http://htq.minpaku.ac.jp/images/mo/H0/11/55/H0115557-0005-ima01-0.jpg", "kaisetsu": "象面の神ガネーシャはシヴァの息子である。"}, {"place_name": "テイクアウトキッチンまかないや", "lat": 34.69130159999999, "lng": 135.1896676, "review": "マツコの知らない天津飯の世界で紹介されたとこ。", "place_iword": "世界", "exhibit_name": "ガネーシャ神", "exhibit_id": "H0115557", "exhibit_iword": "シヴァ", "exhibit_image_url": "http://htq.minpaku.ac.jp/images/mo/H0/11/55/H0115557-0005-ima01-0.jpg", "kaisetsu": "象面の神ガネーシャはシヴァの息子である。"}, {"place_name": "戸隠神社", "lat": 34.6950386, "lng": 135.1902323, "review": "天岩戸神話の神様を祀る、此れより北側は 生田の森です。", "place_iword": "神話", "exhibit_name": "ガネーシャ神", "exhibit_id": "H0115557", "exhibit_iword": "ブラフマー", "exhibit_image_url": "http://htq.minpaku.ac.jp/images/mo/H0/11/55/H0115557-0005-ima01-0.jpg", "kaisetsu": "ヴィシュヌはブラフマーが創造した世界を維持する神で、イノシシ、魚、カメ、人獅子などに化身する。"}, {"place_name": "志保", "lat": 34.695552, "lng": 135.197266, "review": "女将さんが優しくて、本当に日本の家庭料理ですね。", "place_iword": "日本", "exhibit_name": "ガネーシャ神", "exhibit_id": "H0115557", "exhibit_iword": "シヴァ", "exhibit_image_url": "http://htq.minpaku.ac.jp/images/mo/H0/11/55/H0115557-0005-ima01-0.jpg", "kaisetsu": "象面の神ガネーシャはシヴァの息子である。"}, {"place_name": "ローズブーケ", "lat": 34.69422430000001, "lng": 135.1895408, "review": "\n佇まい・物腰ともに素晴らしい、あ、これは店舗だけじゃなく人物も。", "place_iword": "人物", "exhibit_name": "ガネーシャ神", "exhibit_id": "H0115557", "exhibit_iword": "シヴァ", "exhibit_image_url": "http://htq.minpaku.ac.jp/images/mo/H0/11/55/H0115557-0005-ima01-0.jpg", "kaisetsu": "象面の神ガネーシャはシヴァの息子である。"}, {"place_name": "iPhone修理工房 神戸三宮店", "lat": 34.6912664, "lng": 135.190107, "review": "iPhone 7 Plus のガラス割れて、修理を頼みました。", "place_iword": "7", "exhibit_name": "ガネーシャ神", "exhibit_id": "H0115557", "exhibit_iword": "シヴァ", "exhibit_image_url": "http://htq.minpaku.ac.jp/images/mo/H0/11/55/H0115557-0005-ima01-0.jpg", "kaisetsu": "象面の神ガネーシャはシヴァの息子である。"}, {"place_name": "リオッサオブラグーン", "lat": 34.6917949, "lng": 135.1891933, "review": "\n爪をはみ出し、爪のキワの指の肉とも接着されており本当にひどいです。", "place_iword": "指", "exhibit_name": "邪視除けのお守り", "exhibit_id": "H0168553", "exhibit_iword": "五指", "exhibit_image_url": "http://htq.minpaku.ac.jp/images/mo/H0/16/85/H0168553-0001-ima02-0.jpg", "kaisetsu": "「ハムザ（五指）または「ファーティマ（預言者ムハンマドの娘）の手」と呼ばれる。"}, {"place_name": "ミライズ整体院", "lat": 34.69056239999999, "lng": 135.1901604, "review": "\nマッサージなどではなく初めて受ける関節を動しているとのことで、施術中はこれでほんとによくなるのか不思議でしたが施術後もう一度はじめと同じように動かすと凄く軽く肩の負担も減り衝撃でした。", "place_iword": "関節", "exhibit_name": "邪視除けのお守り", "exhibit_id": "H0168553", "exhibit_iword": "五指", "exhibit_image_url": "http://htq.minpaku.ac.jp/images/mo/H0/16/85/H0168553-0001-ima02-0.jpg", "kaisetsu": "「ハムザ（五指）または「ファーティマ（預言者ムハンマドの娘）の手」と呼ばれる。"}, {"place_name": "nail&eyelash JUNX神戸三宮店", "lat": 34.6931659, "lng": 135.1890316, "review": "ネイルを変えるたびにたくさんの人にネイルを褒められとても嬉しいです！\nまた折れたりすることもなく丈夫な爪で過ごせています。", "place_iword": "爪", "exhibit_name": "邪視除けのお守り", "exhibit_id": "H0168553", "exhibit_iword": "五指", "exhibit_image_url": "http://htq.minpaku.ac.jp/images/mo/H0/16/85/H0168553-0001-ima02-0.jpg", "kaisetsu": "「ハムザ（五指）または「ファーティマ（預言者ムハンマドの娘）の手」と呼ばれる。"}, {"place_name": "野中歯科医院", "lat": 34.69709, "lng": 135.194169, "review": "ちゃんとした歯医者に行ってたら神経抜かずに治療できてたと思うと、歯医者選びは大事‼️神経抜かなくてもいけたらしい歯だったから後悔…。", "place_iword": "神経", "exhibit_name": "邪視除けのお守り", "exhibit_id": "H0168553", "exhibit_iword": "五指", "exhibit_image_url": "http://htq.minpaku.ac.jp/images/mo/H0/16/85/H0168553-0001-ima02-0.jpg", "kaisetsu": "「ハムザ（五指）または「ファーティマ（預言者ムハンマドの娘）の手」と呼ばれる。"}, {"place_name": "グリル十字屋", "lat": 34.690125, "lng": 135.194492, "review": "店内の雰囲気が、まるで洋館のよう！\nとってもオシャレでした✨\n\n注文したのは、ハヤシライスにカツを乗せた、カツハイライ\n背筋が伸びましたね…あんなに時間かけてハヤシライス味わったのは初めてでした。", "place_iword": "背筋", "exhibit_name": "邪視除けのお守り", "exhibit_id": "H0168553", "exhibit_iword": "五指", "exhibit_image_url": "http://htq.minpaku.ac.jp/images/mo/H0/16/85/H0168553-0001-ima02-0.jpg", "kaisetsu": "「ハムザ（五指）または「ファーティマ（預言者ムハンマドの娘）の手」と呼ばれる。"}, {"place_name": "鍼灸整体院ひわたし", "lat": 34.6968418, "lng": 135.1933434, "review": "治療後は、股関節の痛みもなく、体のダルさもなくなり、体が整った感じがしました。", "place_iword": "股関節", "exhibit_name": "邪視除けのお守り", "exhibit_id": "H0168553", "exhibit_iword": "五指", "exhibit_image_url": "http://htq.minpaku.ac.jp/images/mo/H0/16/85/H0168553-0001-ima02-0.jpg", "kaisetsu": "「ハムザ（五指）または「ファーティマ（預言者ムハンマドの娘）の手」と呼ばれる。"}, {"place_name": "ギュール ルモンテ", "lat": 34.6885267, "lng": 135.1892915, "review": "\n美しい食べ物で脳が大変リフレッシュされました。", "place_iword": "脳", "exhibit_name": "邪視除けのお守り", "exhibit_id": "H0168553", "exhibit_iword": "五指", "exhibit_image_url": "http://htq.minpaku.ac.jp/images/mo/H0/16/85/H0168553-0001-ima02-0.jpg", "kaisetsu": "「ハムザ（五指）または「ファーティマ（預言者ムハンマドの娘）の手」と呼ばれる。"}, {"place_name": "やきとん龍家", "lat": 34.6942074, "lng": 135.192081, "review": "美味しいです\n豚の脳みそ品切れだったので次は食べたい。", "place_iword": "脳みそ", "exhibit_name": "邪視除けのお守り", "exhibit_id": "H0168553", "exhibit_iword": "五指", "exhibit_image_url": "http://htq.minpaku.ac.jp/images/mo/H0/16/85/H0168553-0001-ima02-0.jpg", "kaisetsu": "「ハムザ（五指）または「ファーティマ（預言者ムハンマドの娘）の手」と呼ばれる。"}, {"place_name": "ＢＡＲ崑崙", "lat": 34.6934561, "lng": 135.1911136, "review": "年に数回ですが通いだして20年。", "place_iword": "年", "exhibit_name": "邪視除けのお守り", "exhibit_id": "H0168553", "exhibit_iword": "五指", "exhibit_image_url": "http://htq.minpaku.ac.jp/images/mo/H0/16/85/H0168553-0001-ima02-0.jpg", "kaisetsu": "「ハムザ（五指）または「ファーティマ（預言者ムハンマドの娘）の手」と呼ばれる。"}, {"place_name": "神戸リスカフェ", "lat": 34.69198279999999, "lng": 135.1968611, "review": "可愛い感じで女の子受けの良い店だと思って試しに来ました。", "place_iword": "受け", "exhibit_name": "邪視除けのお守り", "exhibit_id": "H0168553", "exhibit_iword": "五指", "exhibit_image_url": "http://htq.minpaku.ac.jp/images/mo/H0/16/85/H0168553-0001-ima02-0.jpg", "kaisetsu": "「ハムザ（五指）または「ファーティマ（預言者ムハンマドの娘）の手」と呼ばれる。"}, {"place_name": "焼鳥はりま", "lat": 34.6923036, "lng": 135.1919815, "review": "三ノ宮Ｎｏ．１の焼き鳥やさんです♡\n安い、うまい、多いの三拍子が揃う今の時代レアな美味しい焼き鳥屋さん♡すべて内税価格です♡\n\nもものたたき、胸肉のたたきは480円♡\nきものあぶりは、なんと300円!!\nみんち特大も300円♡\n\nびっくりするほどふわふわで絶品のつくねは一度食べたら他のお店のつくねが食べられなくなります!!\n\n利便性最高の立地にあるので是非行ってみてください♡。", "place_iword": "きもの", "exhibit_name": "ランダ", "exhibit_id": "H0004217", "exhibit_iword": "魔女", "exhibit_image_url": "http://htq.minpaku.ac.jp/images/mo/H0/00/42/H0004217-0002-PCD-1.jpg", "kaisetsu": "災いをもたらす魔女。"}, {"place_name": "イヴ・サンローラン 大丸神戸", "lat": 34.6885287, "lng": 135.190019, "review": "職人魂を感じる。", "place_iword": "魂", "exhibit_name": "ランダ", "exhibit_id": "H0004217", "exhibit_iword": "魔女", "exhibit_image_url": "http://htq.minpaku.ac.jp/images/mo/H0/00/42/H0004217-0002-PCD-1.jpg", "kaisetsu": "災いをもたらす魔女。"}, {"place_name": "気分転館 神戸三宮店", "lat": 34.695411, "lng": 135.196262, "review": "カイロプラクティックのマッサージ技術は、場所で力を習得非常に優しく、快適な環境と施設です！。", "place_iword": "力", "exhibit_name": "ランダ", "exhibit_id": "H0004217", "exhibit_iword": "力", "exhibit_image_url": "http://htq.minpaku.ac.jp/images/mo/H0/00/42/H0004217-0002-PCD-1.jpg", "kaisetsu": "その力をおそれるバリ島の人びとは、ランダに供物をささげ、劇を演じることでその力をしずめようとする。"}, {"place_name": "ＢＡＲ崑崙", "lat": 34.6934561, "lng": 135.1911136, "review": "年に数回ですが通いだして20年。", "place_iword": "年", "exhibit_name": "ランダ", "exhibit_id": "H0004217", "exhibit_iword": "バリ島", "exhibit_image_url": "http://htq.minpaku.ac.jp/images/mo/H0/00/42/H0004217-0002-PCD-1.jpg", "kaisetsu": "その力をおそれるバリ島の人びとは、ランダに供物をささげ、劇を演じることでその力をしずめようとする。"}, {"place_name": "志保", "lat": 34.695552, "lng": 135.197266, "review": "女将さんが優しくて、本当に日本の家庭料理ですね。", "place_iword": "日本", "exhibit_name": "ランダ", "exhibit_id": "H0004217", "exhibit_iword": "魔女", "exhibit_image_url": "http://htq.minpaku.ac.jp/images/mo/H0/00/42/H0004217-0002-PCD-1.jpg", "kaisetsu": "災いをもたらす魔女。"}, {"place_name": "ローズブーケ", "lat": 34.69422430000001, "lng": 135.1895408, "review": "\n佇まい・物腰ともに素晴らしい、あ、これは店舗だけじゃなく人物も。", "place_iword": "人物", "exhibit_name": "ランダ", "exhibit_id": "H0004217", "exhibit_iword": "魔女", "exhibit_image_url": "http://htq.minpaku.ac.jp/images/mo/H0/00/42/H0004217-0002-PCD-1.jpg", "kaisetsu": "災いをもたらす魔女。"}, {"place_name": "アート美空間Ｓａｇａ", "lat": 34.6937852, "lng": 135.1889784, "review": "ちょっと変わった作品を制作している作家さんがよく個展、グループ展を開催しています。", "place_iword": "作品", "exhibit_name": "ランダ", "exhibit_id": "H0004217", "exhibit_iword": "魔女", "exhibit_image_url": "http://htq.minpaku.ac.jp/images/mo/H0/00/42/H0004217-0002-PCD-1.jpg", "kaisetsu": "災いをもたらす魔女。"}, {"place_name": "ファミリーマート 兵庫県警察本部店", "lat": 34.69007359999999, "lng": 135.1837912, "review": "外部の人は利用できないようです。", "place_iword": "外部", "exhibit_name": "ランダ", "exhibit_id": "H0004217", "exhibit_iword": "魔女", "exhibit_image_url": "http://htq.minpaku.ac.jp/images/mo/H0/00/42/H0004217-0002-PCD-1.jpg", "kaisetsu": "災いをもたらす魔女。"}, {"place_name": "インド料理レストラン ショナ・ルパ", "lat": 34.6929037, "lng": 135.1901261, "review": "おそらく神戸一のｲﾝﾄﾞ料理屋さんだと思います。", "place_iword": "ｲﾝﾄﾞ", "exhibit_name": "ランダ", "exhibit_id": "H0004217", "exhibit_iword": "バリ島", "exhibit_image_url": "http://htq.minpaku.ac.jp/images/mo/H0/00/42/H0004217-0002-PCD-1.jpg", "kaisetsu": "その力をおそれるバリ島の人びとは、ランダに供物をささげ、劇を演じることでその力をしずめようとする。"}, {"place_name": "iPhone修理工房 神戸三宮店", "lat": 34.6912664, "lng": 135.190107, "review": "iPhone 7 Plus のガラス割れて、修理を頼みました。", "place_iword": "7", "exhibit_name": "ランダ", "exhibit_id": "H0004217", "exhibit_iword": "魔女", "exhibit_image_url": "http://htq.minpaku.ac.jp/images/mo/H0/00/42/H0004217-0002-PCD-1.jpg", "kaisetsu": "災いをもたらす魔女。"}, {"place_name": "アトラス神戸中山手通", "lat": 34.697021, "lng": 135.1897143, "review": "住宅の質とは住まう人の質ですね。", "place_iword": "住宅", "exhibit_name": "チセ（伝統的家屋）［再現］", "exhibit_id": "H0065231", "exhibit_iword": "民家", "exhibit_image_url": "", "kaisetsu": "萱野茂(1926-2006)が中心となり、「アイヌの文化」展示場の公開に合わせて造られた民家。"}, {"place_name": "城谷司法書士・行政書士・社労士事務所", "lat": 34.6885712, "lng": 135.1937292, "review": "城谷先生には30年来にわたり借り入れ返済、住居名義変更、住宅売買、会社設立等多岐の分野でご指導頂き感謝しております。", "place_iword": "住居", "exhibit_name": "チセ（伝統的家屋）［再現］", "exhibit_id": "H0065231", "exhibit_iword": "民家", "exhibit_image_url": "", "kaisetsu": "萱野茂(1926-2006)が中心となり、「アイヌの文化」展示場の公開に合わせて造られた民家。"}, {"place_name": "ADD BODY からだを整える", "lat": 34.6930576, "lng": 135.18414, "review": "戸建風の門扉と花壇がキレイな緑で植栽されていてからだもこころも整いそうです！。", "place_iword": "戸建", "exhibit_name": "チセ（伝統的家屋）［再現］", "exhibit_id": "H0065231", "exhibit_iword": "民家", "exhibit_image_url": "", "kaisetsu": "萱野茂(1926-2006)が中心となり、「アイヌの文化」展示場の公開に合わせて造られた民家。"}, {"place_name": "BUMBU Kitchen", "lat": 34.6970981, "lng": 135.1944144, "review": "移転して戸建て型のお店になりました。", "place_iword": "戸建て", "exhibit_name": "チセ（伝統的家屋）［再現］", "exhibit_id": "H0065231", "exhibit_iword": "民家", "exhibit_image_url": "", "kaisetsu": "萱野茂(1926-2006)が中心となり、「アイヌの文化」展示場の公開に合わせて造られた民家。"}, {"place_name": "マネードクター 神戸支社", "lat": 34.6896798, "lng": 135.1895591, "review": "新築一戸建ての購入を機に、FPの方にお世話になりました。", "place_iword": "一戸建て", "exhibit_name": "チセ（伝統的家屋）［再現］", "exhibit_id": "H0065231", "exhibit_iword": "民家", "exhibit_image_url": "", "kaisetsu": "萱野茂(1926-2006)が中心となり、「アイヌの文化」展示場の公開に合わせて造られた民家。"}, {"place_name": "炭火焼肉 安部え", "lat": 34.69243959999999, "lng": 135.1932648, "review": "なぜ空いてるんだろう？土地勘がないのでわからない。", "place_iword": "土地", "exhibit_name": "チセ（伝統的家屋）［再現］", "exhibit_id": "H0065231", "exhibit_iword": "民家", "exhibit_image_url": "", "kaisetsu": "萱野茂(1926-2006)が中心となり、「アイヌの文化」展示場の公開に合わせて造られた民家。"}, {"place_name": "共用パーキング", "lat": 34.6809399, "lng": 135.193636, "review": "第二は民間企業の倉庫の私有地になっており、第三は乗船客専用となっています。", "place_iword": "私有地", "exhibit_name": "チセ（伝統的家屋）［再現］", "exhibit_id": "H0065231", "exhibit_iword": "民家", "exhibit_image_url": "", "kaisetsu": "萱野茂(1926-2006)が中心となり、「アイヌの文化」展示場の公開に合わせて造られた民家。"}, {"place_name": "センチュリー21エステートホーム三宮店", "lat": 34.6938421, "lng": 135.1925446, "review": "条件が付いているのでなかなか立地や広さ、間取りなど細かな点を妥協しなければいけないと分かっている中、一生懸命に部屋を紹介頂きました。", "place_iword": "間取り", "exhibit_name": "チセ（伝統的家屋）［再現］", "exhibit_id": "H0065231", "exhibit_iword": "民家", "exhibit_image_url": "", "kaisetsu": "萱野茂(1926-2006)が中心となり、「アイヌの文化」展示場の公開に合わせて造られた民家。"}, {"place_name": "オールドコウベ", "lat": 34.694824, "lng": 135.184273, "review": "山手の天井が高いオシャレな集合住宅。", "place_iword": "集合住宅", "exhibit_name": "チセ（伝統的家屋）［再現］", "exhibit_id": "H0065231", "exhibit_iword": "民家", "exhibit_image_url": "", "kaisetsu": "萱野茂(1926-2006)が中心となり、「アイヌの文化」展示場の公開に合わせて造られた民家。"}, {"place_name": "資格の学校 ＴＡＣ（タック） 神戸校", "lat": 34.6927961, "lng": 135.1977533, "review": "\n高層ビルには有りがちな事だとは知ってるけど、ここはちょっと異常。", "place_iword": "高層ビル", "exhibit_name": "チセ（伝統的家屋）［再現］", "exhibit_id": "H0065231", "exhibit_iword": "民家", "exhibit_image_url": "", "kaisetsu": "萱野茂(1926-2006)が中心となり、「アイヌの文化」展示場の公開に合わせて造られた民家。"}, {"place_name": "トアロードクリニック", "lat": 34.6934659, "lng": 135.188801, "review": "先日、受診した際に、わからないことがあったので一言質問したら、ものすごい剣幕で「こんなひどい状態になっているんだから、親がやってることは全部間違い！俺が正しい。アトピーは世界でここしか治せない。他のところに行ったら子供は絶対に治らなくなる！かわいそうに！！」的な暴言を吐かれて、さすがにコチラも腹が立ったので通わず、こことは別の皮膚科（専門医登録されていて実績の豊富な医者を調べました）に通ったのですが、2ヶ月だけステロイドを使ってそれ以降は軟膏のみ、半年ほどで綺麗に治りました。いま思えば、ほとんど診察もせず、絶対に治らないと断言できる根拠が分からないです。治してくれたクリニックでは「基本的に幼児アトピーは１歳になるころには殆どがきれいになる」とのことでした。良い評価をされている方もおられますが、その方にとってはここで治ったというのは事実なんだろうなと思います。アトピーといっても色んなケースがあるかと思いますが、ここでは全部がこのクリニックで処方する漢方薬でしか治らないように宣伝されているのかなと感じました。あまりにも診察で掛けられた言葉が辛くてトラウマになったので、どういう経歴の先生かと拝見したら、ホームページに下記の記載がありましたが、小児科や皮膚科への専門医としての登録や勤務のご経験は見あたりませんでした。関連する論文も検索しても見つからず。2年ほど放射線科に勤務後、漢方と中国鍼灸をハワイで学ばれて、1年ほど内科の経験を経て開業されたようです。暴言を吐かれて悔しかったし不安でどうしようもなかったですが、「他では絶対に治らない！」という根拠のない言葉に負けずに勇気をもって別の皮膚科専門医を選択した自分を褒めてあげたいです。\n1991年\t川崎医科大学卒業\n1991年\t川崎医科大学付属病院放射線科勤務\n1993年\tアメリカ ハワイ州 Oriental Medicai institute Of Hawaii に留学。\n漢方、中国鍼灸を学ぶ。\n1996年\tOriental Medical Institute Of Hawaii 卒業\n1997年\t兵庫医科大学付属病院第５内科勤務\n1998年\t陳クリニック開業\n2015年\tトアロードクリニック開業", "place_iword": "hawaii", "exhibit_name": "仏教徒向け商品 : 符籍（護符）", "exhibit_id": "H0214186", "exhibit_iword": "護符", "exhibit_image_url": "http://htq.minpaku.ac.jp/images/mo/H0/21/41/H0214186-0001-PCD-1.jpg", "kaisetsu": "「就職合格」の護符（ごふ）である。"}, {"place_name": "お玉大神", "lat": 34.6971016, "lng": 135.2012128, "review": "\n（こちらは石のお塚）東京に繁栄お玉稲荷大\n明神というのがある。", "place_iword": "塚", "exhibit_name": "仏教徒向け商品 : 符籍（護符）", "exhibit_id": "H0214186", "exhibit_iword": "護符", "exhibit_image_url": "http://htq.minpaku.ac.jp/images/mo/H0/21/41/H0214186-0001-PCD-1.jpg", "kaisetsu": "「就職合格」の護符（ごふ）である。"}, {"place_name": "atelier ROE 指輪工房", "lat": 34.691665, "lng": 135.188168, "review": "神戸元町にあるatelierROEさんで指輪を作りました💍\n不器用な私ですが、意外と簡単に思い通りの指輪を作る事ができました！。", "place_iword": "指輪", "exhibit_name": "仏教徒向け商品 : 符籍（護符）", "exhibit_id": "H0214186", "exhibit_iword": "護符", "exhibit_image_url": "http://htq.minpaku.ac.jp/images/mo/H0/21/41/H0214186-0001-PCD-1.jpg", "kaisetsu": "「就職合格」の護符（ごふ）である。"}, {"place_name": "TRESOR 神戸本店", "lat": 34.69166819999999, "lng": 135.188148, "review": "神戸トアウエストにある結婚指輪・婚約指輪店さん。", "place_iword": "婚約指輪", "exhibit_name": "仏教徒向け商品 : 符籍（護符）", "exhibit_id": "H0214186", "exhibit_iword": "護符", "exhibit_image_url": "http://htq.minpaku.ac.jp/images/mo/H0/21/41/H0214186-0001-PCD-1.jpg", "kaisetsu": "「就職合格」の護符（ごふ）である。"}, {"place_name": "KOMEHYO神戸三宮店", "lat": 34.6923104, "lng": 135.1953279, "review": "そしたらそこそこの買取額でした！店員さんが僕の腕時計見て査定してくれました。", "place_iword": "腕時計", "exhibit_name": "仏教徒向け商品 : 符籍（護符）", "exhibit_id": "H0214186", "exhibit_iword": "護符", "exhibit_image_url": "http://htq.minpaku.ac.jp/images/mo/H0/21/41/H0214186-0001-PCD-1.jpg", "kaisetsu": "「就職合格」の護符（ごふ）である。"}, {"place_name": "スタージュエリー 神戸大丸店", "lat": 34.688826, "lng": 135.190329, "review": "かわいいアクセサリーがいっぱい😉。", "place_iword": "アクセサリー", "exhibit_name": "仏教徒向け商品 : 符籍（護符）", "exhibit_id": "H0214186", "exhibit_iword": "護符", "exhibit_image_url": "http://htq.minpaku.ac.jp/images/mo/H0/21/41/H0214186-0001-PCD-1.jpg", "kaisetsu": "「就職合格」の護符（ごふ）である。"}, {"place_name": "ハートダンス", "lat": 34.6930284, "lng": 135.1942424, "review": "ﾌﾟﾁﾌﾟﾗのﾋﾟｱｽやﾍｱｱｸｾｻﾘｰなど､可愛い商品が沢山ありますよ(^^)。", "place_iword": "ｱｸｾｻﾘｰ", "exhibit_name": "仏教徒向け商品 : 符籍（護符）", "exhibit_id": "H0214186", "exhibit_iword": "護符", "exhibit_image_url": "http://htq.minpaku.ac.jp/images/mo/H0/21/41/H0214186-0001-PCD-1.jpg", "kaisetsu": "「就職合格」の護符（ごふ）である。"}, {"place_name": "ビストロ・アンリー", "lat": 34.6924468, "lng": 135.1913228, "review": "女子ウケ１００％❤\n\n市役所の裏手でオフィス街でもあるこの場所で、ガラスバリに木目の目隠し･･･\n緑と光が差し込む明るく、白い壁が映える店内.+*:ﾟ+｡.☆\n\nそして今ではなかなか珍しいクロスも二枚重ね\nピカピカのシルバーにグラス.+*:ﾟ+｡.☆\n\nこれだけでそのお店が分かります\n\nランチ￥２１６０(税別)\n\nメインが4品から選べます\n\nアミューズからワインに合いそうな仕立て❤\n白いお皿をキャンパスに見立てた盛り付けは、鮮やかでボリュームもたっぷり( *´︶`*)\n選べるメイン！\nこの存在感(๑>\u0602。", "place_iword": "目隠し", "exhibit_name": "仏教徒向け商品 : 符籍（護符）", "exhibit_id": "H0214186", "exhibit_iword": "護符", "exhibit_image_url": "http://htq.minpaku.ac.jp/images/mo/H0/21/41/H0214186-0001-PCD-1.jpg", "kaisetsu": "「就職合格」の護符（ごふ）である。"}, {"place_name": "むらおか", "lat": 34.695449, "lng": 135.193131, "review": "うまい！茄子が好きです！。", "place_iword": "茄子", "exhibit_name": "仏教徒向け商品 : 符籍（護符）", "exhibit_id": "H0214186", "exhibit_iword": "護符", "exhibit_image_url": "http://htq.minpaku.ac.jp/images/mo/H0/21/41/H0214186-0001-PCD-1.jpg", "kaisetsu": "「就職合格」の護符（ごふ）である。"}, {"place_name": "エビス宝飾店", "lat": 34.6910887, "lng": 135.1913423, "review": "結婚指輪どうしようと悩みながら歩いてる時に見つけたお店。", "place_iword": "結婚指輪", "exhibit_name": "仏教徒向け商品 : 符籍（護符）", "exhibit_id": "H0214186", "exhibit_iword": "護符", "exhibit_image_url": "http://htq.minpaku.ac.jp/images/mo/H0/21/41/H0214186-0001-PCD-1.jpg", "kaisetsu": "「就職合格」の護符（ごふ）である。"}, {"place_name": "イヴ・サンローラン 大丸神戸", "lat": 34.6885287, "lng": 135.190019, "review": "職人魂を感じる。", "place_iword": "魂", "exhibit_name": "彫像", "exhibit_id": "H0144388", "exhibit_iword": "魂", "exhibit_image_url": "http://htq.minpaku.ac.jp/images/mo/H0/14/43/H0144388-ima05-00-as-org.jpg", "kaisetsu": "魂が抜けた彫刻は、焼却されるか朽ち果てるままに放置される。"}, {"place_name": "ベルコセレモニーホール三宮", "lat": 34.696266, "lng": 135.197186, "review": "故人も大切にされていた。", "place_iword": "故人", "exhibit_name": "彫像", "exhibit_id": "H0144388", "exhibit_iword": "死者", "exhibit_image_url": "http://htq.minpaku.ac.jp/images/mo/H0/14/43/H0144388-ima05-00-as-org.jpg", "kaisetsu": "死者の魂は一時的に彫刻に宿り、儀礼が終わると死者の世界に旅立つ。"}, {"place_name": "TRESOR 神戸本店", "lat": 34.69166819999999, "lng": 135.188148, "review": "個性が強いデザインという訳ではなく、シンプルなのに凝っているものがある印象でした。", "place_iword": "個性", "exhibit_name": "彫像", "exhibit_id": "H0144388", "exhibit_iword": "死者", "exhibit_image_url": "http://htq.minpaku.ac.jp/images/mo/H0/14/43/H0144388-ima05-00-as-org.jpg", "kaisetsu": "死者の魂は一時的に彫刻に宿り、儀礼が終わると死者の世界に旅立つ。"}, {"place_name": "SUN", "lat": 34.6915452, "lng": 135.190005, "review": "個性的で素晴らしいお店。", "place_iword": "個性的", "exhibit_name": "彫像", "exhibit_id": "H0144388", "exhibit_iword": "死者", "exhibit_image_url": "http://htq.minpaku.ac.jp/images/mo/H0/14/43/H0144388-ima05-00-as-org.jpg", "kaisetsu": "死者の魂は一時的に彫刻に宿り、儀礼が終わると死者の世界に旅立つ。"}, {"place_name": "あんしんクリニック", "lat": 34.69628399999999, "lng": 135.197713, "review": "\n\n健康な膝で歩けるという事は本当に宝なので、治していただけた事に感謝しかありません。", "place_iword": "宝", "exhibit_name": "彫像", "exhibit_id": "H0144388", "exhibit_iword": "死者", "exhibit_image_url": "http://htq.minpaku.ac.jp/images/mo/H0/14/43/H0144388-ima05-00-as-org.jpg", "kaisetsu": "死者の魂は一時的に彫刻に宿り、儀礼が終わると死者の世界に旅立つ。"}, {"place_name": "チャオチャオ ピアザ神戸店", "lat": 34.69047140000001, "lng": 135.1889827, "review": "\n創作力とチャレンジ精神には脱帽したいけど、寒い冬場には辛い‼️。", "place_iword": "精神", "exhibit_name": "彫像", "exhibit_id": "H0144388", "exhibit_iword": "魂", "exhibit_image_url": "http://htq.minpaku.ac.jp/images/mo/H0/14/43/H0144388-ima05-00-as-org.jpg", "kaisetsu": "魂が抜けた彫刻は、焼却されるか朽ち果てるままに放置される。"}, {"place_name": "戸隠神社", "lat": 34.6950386, "lng": 135.1902323, "review": "天岩戸神話の神様を祀る、此れより北側は 生田の森です。", "place_iword": "神話", "exhibit_name": "彫像", "exhibit_id": "H0144388", "exhibit_iword": "魂", "exhibit_image_url": "http://htq.minpaku.ac.jp/images/mo/H0/14/43/H0144388-ima05-00-as-org.jpg", "kaisetsu": "魂が抜けた彫刻は、焼却されるか朽ち果てるままに放置される。"}, {"place_name": "大餃子専門店 【神餃子】", "lat": 34.6961919, "lng": 135.1913552, "review": "\n\n完全に神餃子中毒です！\n\n少数のカウンターだけなので大人数は無理ですが、1人や2人で行くにはオススメです！\n\nなお、9月からは18時オープンになるそうです。", "place_iword": "神", "exhibit_name": "彫像", "exhibit_id": "H0144388", "exhibit_iword": "魂", "exhibit_image_url": "http://htq.minpaku.ac.jp/images/mo/H0/14/43/H0144388-ima05-00-as-org.jpg", "kaisetsu": "魂が抜けた彫刻は、焼却されるか朽ち果てるままに放置される。"}, {"place_name": "松尾神社", "lat": 34.69409, "lng": 135.1910967, "review": "お酒の神様です。", "place_iword": "神様", "exhibit_name": "彫像", "exhibit_id": "H0144388", "exhibit_iword": "魂", "exhibit_image_url": "http://htq.minpaku.ac.jp/images/mo/H0/14/43/H0144388-ima05-00-as-org.jpg", "kaisetsu": "魂が抜けた彫刻は、焼却されるか朽ち果てるままに放置される。"}, {"place_name": "「体験型カフェ」ネスカフェ 三宮", "lat": 34.6923535, "lng": 135.1966814, "review": "ネスカフェの機械の購入や相談、フレーバーの販売などはしていませんので存在価値ある？とはなりますね。", "place_iword": "存在価値", "exhibit_name": "彫像", "exhibit_id": "H0144388", "exhibit_iword": "魂", "exhibit_image_url": "http://htq.minpaku.ac.jp/images/mo/H0/14/43/H0144388-ima05-00-as-org.jpg", "kaisetsu": "魂が抜けた彫刻は、焼却されるか朽ち果てるままに放置される。"}, {"place_name": "城谷司法書士・行政書士・社労士事務所", "lat": 34.6885712, "lng": 135.1937292, "review": "城谷先生には30年来にわたり借り入れ返済、住居名義変更、住宅売買、会社設立等多岐の分野でご指導頂き感謝しております。", "place_iword": "住居", "exhibit_name": "モンゴルの天幕", "exhibit_id": "H0202021", "exhibit_iword": "住居", "exhibit_image_url": "http://htq.minpaku.ac.jp/images/mo/H0/20/20/HSET0202021-studio-00-01-org.jpg", "kaisetsu": "包（パオ）というのは、住居を意味する満州語からきた漢語である。"}, {"place_name": "プロジム神戸三宮", "lat": 34.6899667, "lng": 135.1965826, "review": "実績のある講師が的確な指導の下で座学、実技の面でサポートしてくださるので確実に知識や能力がつきました！。", "place_iword": "座", "exhibit_name": "モンゴルの天幕", "exhibit_id": "H0202021", "exhibit_iword": "座", "exhibit_image_url": "http://htq.minpaku.ac.jp/images/mo/H0/20/20/HSET0202021-studio-00-01-org.jpg", "kaisetsu": "いっぽう、左側には馬具などが配されており、男性の座となる。"}, {"place_name": "アトラス神戸中山手通", "lat": 34.697021, "lng": 135.1897143, "review": "住宅の質とは住まう人の質ですね。", "place_iword": "住宅", "exhibit_name": "モンゴルの天幕", "exhibit_id": "H0202021", "exhibit_iword": "住居", "exhibit_image_url": "http://htq.minpaku.ac.jp/images/mo/H0/20/20/HSET0202021-studio-00-01-org.jpg", "kaisetsu": "包（パオ）というのは、住居を意味する満州語からきた漢語である。"}, {"place_name": "ADD BODY からだを整える", "lat": 34.6930576, "lng": 135.18414, "review": "戸建風の門扉と花壇がキレイな緑で植栽されていてからだもこころも整いそうです！。", "place_iword": "戸建", "exhibit_name": "モンゴルの天幕", "exhibit_id": "H0202021", "exhibit_iword": "住居", "exhibit_image_url": "http://htq.minpaku.ac.jp/images/mo/H0/20/20/HSET0202021-studio-00-01-org.jpg", "kaisetsu": "包（パオ）というのは、住居を意味する満州語からきた漢語である。"}, {"place_name": "BUMBU Kitchen", "lat": 34.6970981, "lng": 135.1944144, "review": "移転して戸建て型のお店になりました。", "place_iword": "戸建て", "exhibit_name": "モンゴルの天幕", "exhibit_id": "H0202021", "exhibit_iword": "住居", "exhibit_image_url": "http://htq.minpaku.ac.jp/images/mo/H0/20/20/HSET0202021-studio-00-01-org.jpg", "kaisetsu": "包（パオ）というのは、住居を意味する満州語からきた漢語である。"}, {"place_name": "マネードクター 神戸支社", "lat": 34.6896798, "lng": 135.1895591, "review": "新築一戸建ての購入を機に、FPの方にお世話になりました。", "place_iword": "一戸建て", "exhibit_name": "モンゴルの天幕", "exhibit_id": "H0202021", "exhibit_iword": "住居", "exhibit_image_url": "http://htq.minpaku.ac.jp/images/mo/H0/20/20/HSET0202021-studio-00-01-org.jpg", "kaisetsu": "包（パオ）というのは、住居を意味する満州語からきた漢語である。"}, {"place_name": "炭火焼肉 安部え", "lat": 34.69243959999999, "lng": 135.1932648, "review": "なぜ空いてるんだろう？土地勘がないのでわからない。", "place_iword": "土地", "exhibit_name": "モンゴルの天幕", "exhibit_id": "H0202021", "exhibit_iword": "住居", "exhibit_image_url": "http://htq.minpaku.ac.jp/images/mo/H0/20/20/HSET0202021-studio-00-01-org.jpg", "kaisetsu": "包（パオ）というのは、住居を意味する満州語からきた漢語である。"}, {"place_name": "共用パーキング", "lat": 34.6809399, "lng": 135.193636, "review": "第二は民間企業の倉庫の私有地になっており、第三は乗船客専用となっています。", "place_iword": "私有地", "exhibit_name": "モンゴルの天幕", "exhibit_id": "H0202021", "exhibit_iword": "住居", "exhibit_image_url": "http://htq.minpaku.ac.jp/images/mo/H0/20/20/HSET0202021-studio-00-01-org.jpg", "kaisetsu": "包（パオ）というのは、住居を意味する満州語からきた漢語である。"}, {"place_name": "オールドコウベ", "lat": 34.694824, "lng": 135.184273, "review": "山手の天井が高いオシャレな集合住宅。", "place_iword": "集合住宅", "exhibit_name": "モンゴルの天幕", "exhibit_id": "H0202021", "exhibit_iword": "住居", "exhibit_image_url": "http://htq.minpaku.ac.jp/images/mo/H0/20/20/HSET0202021-studio-00-01-org.jpg", "kaisetsu": "包（パオ）というのは、住居を意味する満州語からきた漢語である。"}, {"place_name": "資格の学校 ＴＡＣ（タック） 神戸校", "lat": 34.6927961, "lng": 135.1977533, "review": "\n高層ビルには有りがちな事だとは知ってるけど、ここはちょっと異常。", "place_iword": "高層ビル", "exhibit_name": "モンゴルの天幕", "exhibit_id": "H0202021", "exhibit_iword": "住居", "exhibit_image_url": "http://htq.minpaku.ac.jp/images/mo/H0/20/20/HSET0202021-studio-00-01-org.jpg", "kaisetsu": "包（パオ）というのは、住居を意味する満州語からきた漢語である。"}, {"place_name": "就労移行支援 manaby 三宮事業所", "lat": 34.6899469, "lng": 135.1965223, "review": "この世にこんなに弱者に寄り添ってくれる機関があるということに感動しました。", "place_iword": "この世", "exhibit_name": "仮面", "exhibit_id": "H0001493", "exhibit_iword": "現世", "exhibit_image_url": "http://htq.minpaku.ac.jp/images/mo/H0/00/14/H0001493-studio-00-01-org.jpg", "kaisetsu": "儀礼の場に仮面をかぶった者が現れたとき、祖先の霊が現世にもどってきたとされる。"}, {"place_name": "トアロードクリニック", "lat": 34.6934659, "lng": 135.188801, "review": "先日、受診した際に、わからないことがあったので一言質問したら、ものすごい剣幕で「こんなひどい状態になっているんだから、親がやってることは全部間違い！俺が正しい。アトピーは世界でここしか治せない。他のところに行ったら子供は絶対に治らなくなる！かわいそうに！！」的な暴言を吐かれて、さすがにコチラも腹が立ったので通わず、こことは別の皮膚科（専門医登録されていて実績の豊富な医者を調べました）に通ったのですが、2ヶ月だけステロイドを使ってそれ以降は軟膏のみ、半年ほどで綺麗に治りました。いま思えば、ほとんど診察もせず、絶対に治らないと断言できる根拠が分からないです。治してくれたクリニックでは「基本的に幼児アトピーは１歳になるころには殆どがきれいになる」とのことでした。良い評価をされている方もおられますが、その方にとってはここで治ったというのは事実なんだろうなと思います。アトピーといっても色んなケースがあるかと思いますが、ここでは全部がこのクリニックで処方する漢方薬でしか治らないように宣伝されているのかなと感じました。あまりにも診察で掛けられた言葉が辛くてトラウマになったので、どういう経歴の先生かと拝見したら、ホームページに下記の記載がありましたが、小児科や皮膚科への専門医としての登録や勤務のご経験は見あたりませんでした。関連する論文も検索しても見つからず。2年ほど放射線科に勤務後、漢方と中国鍼灸をハワイで学ばれて、1年ほど内科の経験を経て開業されたようです。暴言を吐かれて悔しかったし不安でどうしようもなかったですが、「他では絶対に治らない！」という根拠のない言葉に負けずに勇気をもって別の皮膚科専門医を選択した自分を褒めてあげたいです。\n1991年\t川崎医科大学卒業\n1991年\t川崎医科大学付属病院放射線科勤務\n1993年\tアメリカ ハワイ州 Oriental Medicai institute Of Hawaii に留学。\n漢方、中国鍼灸を学ぶ。\n1996年\tOriental Medical Institute Of Hawaii 卒業\n1997年\t兵庫医科大学付属病院第５内科勤務\n1998年\t陳クリニック開業\n2015年\tトアロードクリニック開業", "place_iword": "hawaii", "exhibit_name": "仮面", "exhibit_id": "H0001493", "exhibit_iword": "仮面", "exhibit_image_url": "http://htq.minpaku.ac.jp/images/mo/H0/00/14/H0001493-studio-00-01-org.jpg", "kaisetsu": "儀礼の場に仮面をかぶった者が現れたとき、祖先の霊が現世にもどってきたとされる。"}, {"place_name": "atelier ROE 指輪工房", "lat": 34.691665, "lng": 135.188168, "review": "神戸元町にあるatelierROEさんで指輪を作りました💍\n不器用な私ですが、意外と簡単に思い通りの指輪を作る事ができました！。", "place_iword": "指輪", "exhibit_name": "仮面", "exhibit_id": "H0001493", "exhibit_iword": "仮面", "exhibit_image_url": "http://htq.minpaku.ac.jp/images/mo/H0/00/14/H0001493-studio-00-01-org.jpg", "kaisetsu": "儀礼の場に仮面をかぶった者が現れたとき、祖先の霊が現世にもどってきたとされる。"}, {"place_name": "KOMEHYO神戸三宮店", "lat": 34.6923104, "lng": 135.1953279, "review": "そしたらそこそこの買取額でした！店員さんが僕の腕時計見て査定してくれました。", "place_iword": "腕時計", "exhibit_name": "仮面", "exhibit_id": "H0001493", "exhibit_iword": "仮面", "exhibit_image_url": "http://htq.minpaku.ac.jp/images/mo/H0/00/14/H0001493-studio-00-01-org.jpg", "kaisetsu": "儀礼の場に仮面をかぶった者が現れたとき、祖先の霊が現世にもどってきたとされる。"}, {"place_name": "TRESOR 神戸本店", "lat": 34.69166819999999, "lng": 135.188148, "review": "神戸トアウエストにある結婚指輪・婚約指輪店さん。", "place_iword": "婚約指輪", "exhibit_name": "仮面", "exhibit_id": "H0001493", "exhibit_iword": "仮面", "exhibit_image_url": "http://htq.minpaku.ac.jp/images/mo/H0/00/14/H0001493-studio-00-01-org.jpg", "kaisetsu": "儀礼の場に仮面をかぶった者が現れたとき、祖先の霊が現世にもどってきたとされる。"}, {"place_name": "デビスパーキング１", "lat": 34.68740039999999, "lng": 135.1899018, "review": "\n駐車料金もイベントや長期の休みがあると、商売根性丸出しですぐに値上げする嫌なパーキング。", "place_iword": "根性", "exhibit_name": "仮面", "exhibit_id": "H0001493", "exhibit_iword": "現世", "exhibit_image_url": "http://htq.minpaku.ac.jp/images/mo/H0/00/14/H0001493-studio-00-01-org.jpg", "kaisetsu": "儀礼の場に仮面をかぶった者が現れたとき、祖先の霊が現世にもどってきたとされる。"}, {"place_name": "MSWORLD 三宮店", "lat": 34.6910777, "lng": 135.1909257, "review": "たこ焼きキャッチャー\n3000円使っても赤に入りませんでした\n\nしかし\n\nこの店のお仲間？らしき人物が一発で取ってた\n取った後おっさん店員と長々と会話\n\n小学生くらいの餓鬼は３回目で取ってました\n\n怪しいな！裏で操作してるんじゃない？\nここのレビューにも店のやらせっぽいレビューあるような笑。", "place_iword": "餓鬼", "exhibit_name": "仮面", "exhibit_id": "H0001493", "exhibit_iword": "現世", "exhibit_image_url": "http://htq.minpaku.ac.jp/images/mo/H0/00/14/H0001493-studio-00-01-org.jpg", "kaisetsu": "儀礼の場に仮面をかぶった者が現れたとき、祖先の霊が現世にもどってきたとされる。"}, {"place_name": "space わに", "lat": 34.6952232, "lng": 135.1860268, "review": "\n床は全面無垢のフローリング、漆喰壁で居心地のいい空間です。", "place_iword": "無垢", "exhibit_name": "仮面", "exhibit_id": "H0001493", "exhibit_iword": "現世", "exhibit_image_url": "http://htq.minpaku.ac.jp/images/mo/H0/00/14/H0001493-studio-00-01-org.jpg", "kaisetsu": "儀礼の場に仮面をかぶった者が現れたとき、祖先の霊が現世にもどってきたとされる。"}, {"place_name": "スタージュエリー 神戸大丸店", "lat": 34.688826, "lng": 135.190329, "review": "かわいいアクセサリーがいっぱい😉。", "place_iword": "アクセサリー", "exhibit_name": "仮面", "exhibit_id": "H0001493", "exhibit_iword": "仮面", "exhibit_image_url": "http://htq.minpaku.ac.jp/images/mo/H0/00/14/H0001493-studio-00-01-org.jpg", "kaisetsu": "儀礼の場に仮面をかぶった者が現れたとき、祖先の霊が現世にもどってきたとされる。"}, {"place_name": "ハートダンス", "lat": 34.6930284, "lng": 135.1942424, "review": "ﾌﾟﾁﾌﾟﾗのﾋﾟｱｽやﾍｱｱｸｾｻﾘｰなど､可愛い商品が沢山ありますよ(^^)。", "place_iword": "ｱｸｾｻﾘｰ", "exhibit_name": "仮面", "exhibit_id": "H0001493", "exhibit_iword": "仮面", "exhibit_image_url": "http://htq.minpaku.ac.jp/images/mo/H0/00/14/H0001493-studio-00-01-org.jpg", "kaisetsu": "儀礼の場に仮面をかぶった者が現れたとき、祖先の霊が現世にもどってきたとされる。"}, {"place_name": "WALTZ.", "lat": 34.694949, "lng": 135.188856, "review": "久しぶりに帰省した日に、10数年ぶりに尊敬するownerさんに、髪を触って頂きました。\n老いた髪を若き日の自分を思い出す位に蘇らせて頂きました。\nXmasイブに最高のプレゼントを貰ったかのような、ウキウキした気分の良い時間。\n店を出て久しぶりの神戸の街へ踏み出す一歩が、軽やかで、自信に満ち溢れ、Xmas一色に染まったキラキラの街で、まるでモデルになったかのような勘違いさせて頂きました。\n楽しい神戸時間ありがとうございました。", "place_iword": "xmas", "exhibit_name": "十字架", "exhibit_id": "H0216952", "exhibit_iword": "クリスマス", "exhibit_image_url": "http://htq.minpaku.ac.jp/images/mo/H0/21/69/H0216952-0001-hyohon_studio-0.jpg", "kaisetsu": "タイトル：「CALENDAR CRESTIN ORTOBOX」 聖母マリアと幼子イエスのイコン信仰対象あるいは巡礼の記念としてクリスマスの飾りとして使用される。"}, {"place_name": "ＮＨＫ神戸放送局", "lat": 34.6952326, "lng": 135.1882431, "review": "毎年、年末に海外助け合い、歳末助け合いの募金をしています。", "place_iword": "歳末", "exhibit_name": "十字架", "exhibit_id": "H0216952", "exhibit_iword": "クリスマス", "exhibit_image_url": "http://htq.minpaku.ac.jp/images/mo/H0/21/69/H0216952-0001-hyohon_studio-0.jpg", "kaisetsu": "タイトル：「CALENDAR CRESTIN ORTOBOX」 聖母マリアと幼子イエスのイコン信仰対象あるいは巡礼の記念としてクリスマスの飾りとして使用される。"}, {"place_name": "本神戸肉森谷商店", "lat": 34.6891863, "lng": 135.1893868, "review": "お中元やお歳暮に送ってもとても喜ばれます。", "place_iword": "お歳暮", "exhibit_name": "十字架", "exhibit_id": "H0216952", "exhibit_iword": "クリスマス", "exhibit_image_url": "http://htq.minpaku.ac.jp/images/mo/H0/21/69/H0216952-0001-hyohon_studio-0.jpg", "kaisetsu": "タイトル：「CALENDAR CRESTIN ORTOBOX」 聖母マリアと幼子イエスのイコン信仰対象あるいは巡礼の記念としてクリスマスの飾りとして使用される。"}, {"place_name": "新安", "lat": 34.689508, "lng": 135.188315, "review": "\n2017年大晦日、こちらで日本酒も買いました。", "place_iword": "大晦日", "exhibit_name": "十字架", "exhibit_id": "H0216952", "exhibit_iword": "クリスマス", "exhibit_image_url": "http://htq.minpaku.ac.jp/images/mo/H0/21/69/H0216952-0001-hyohon_studio-0.jpg", "kaisetsu": "タイトル：「CALENDAR CRESTIN ORTOBOX」 聖母マリアと幼子イエスのイコン信仰対象あるいは巡礼の記念としてクリスマスの飾りとして使用される。"}, {"place_name": "寶隆閣", "lat": 34.693319, "lng": 135.190512, "review": "会社の忘年会で利用しました\n複数のテーブル利用だと食べ放題のメニューが各テーブルに来るのがびっくりでした。", "place_iword": "忘年会", "exhibit_name": "十字架", "exhibit_id": "H0216952", "exhibit_iword": "クリスマス", "exhibit_image_url": "http://htq.minpaku.ac.jp/images/mo/H0/21/69/H0216952-0001-hyohon_studio-0.jpg", "kaisetsu": "タイトル：「CALENDAR CRESTIN ORTOBOX」 聖母マリアと幼子イエスのイコン信仰対象あるいは巡礼の記念としてクリスマスの飾りとして使用される。"}, {"place_name": "バルストロバー", "lat": 34.6921308, "lng": 135.1904364, "review": "Bartenders familiar with whiskey make a delicious highball. It will make according to your taste.\n\nウイスキーに詳しいバーテンダーが美味しいハイボールを作ってくれます。", "place_iword": "according", "exhibit_name": "十字架", "exhibit_id": "H0216952", "exhibit_iword": "calendar", "exhibit_image_url": "http://htq.minpaku.ac.jp/images/mo/H0/21/69/H0216952-0001-hyohon_studio-0.jpg", "kaisetsu": "タイトル：「CALENDAR CRESTIN ORTOBOX」 聖母マリアと幼子イエスのイコン信仰対象あるいは巡礼の記念としてクリスマスの飾りとして使用される。"}, {"place_name": "カフェ・ド・イースト", "lat": 34.6863459, "lng": 135.1835424, "review": "お勧めのドリンクはチャイとゆず茶です。", "place_iword": "ゆず茶", "exhibit_name": "十字架", "exhibit_id": "H0216952", "exhibit_iword": "クリスマス", "exhibit_image_url": "http://htq.minpaku.ac.jp/images/mo/H0/21/69/H0216952-0001-hyohon_studio-0.jpg", "kaisetsu": "タイトル：「CALENDAR CRESTIN ORTOBOX」 聖母マリアと幼子イエスのイコン信仰対象あるいは巡礼の記念としてクリスマスの飾りとして使用される。"}, {"place_name": "れいこの台所", "lat": 34.6953324, "lng": 135.1922891, "review": "年始早々に楽しく過ごせました☺️。", "place_iword": "年始", "exhibit_name": "十字架", "exhibit_id": "H0216952", "exhibit_iword": "クリスマス", "exhibit_image_url": "http://htq.minpaku.ac.jp/images/mo/H0/21/69/H0216952-0001-hyohon_studio-0.jpg", "kaisetsu": "タイトル：「CALENDAR CRESTIN ORTOBOX」 聖母マリアと幼子イエスのイコン信仰対象あるいは巡礼の記念としてクリスマスの飾りとして使用される。"}, {"place_name": "パンダ", "lat": 34.6946201, "lng": 135.1921406, "review": "\nママはとびきり別嬪さん‼\nかなりリーズナブルなお店です🎵\n年末年始も開いてます✨。", "place_iword": "年末年始", "exhibit_name": "十字架", "exhibit_id": "H0216952", "exhibit_iword": "クリスマス", "exhibit_image_url": "http://htq.minpaku.ac.jp/images/mo/H0/21/69/H0216952-0001-hyohon_studio-0.jpg", "kaisetsu": "タイトル：「CALENDAR CRESTIN ORTOBOX」 聖母マリアと幼子イエスのイコン信仰対象あるいは巡礼の記念としてクリスマスの飾りとして使用される。"}, {"place_name": "風花 三宮駅前店", "lat": 34.6953831, "lng": 135.1948266, "review": "新年会シーズンだったのもありかなり混んでいました。", "place_iword": "新年会", "exhibit_name": "十字架", "exhibit_id": "H0216952", "exhibit_iword": "クリスマス", "exhibit_image_url": "http://htq.minpaku.ac.jp/images/mo/H0/21/69/H0216952-0001-hyohon_studio-0.jpg", "kaisetsu": "タイトル：「CALENDAR CRESTIN ORTOBOX」 聖母マリアと幼子イエスのイコン信仰対象あるいは巡礼の記念としてクリスマスの飾りとして使用される。"}]