[{"place_name": "自家製太麺 ドカ盛 マッチョ 三ノ宮店", "lat": 34.6938258, "lng": 135.1927657, "review": "\n\n麺はうどんのような太麺。", "place_iword": "太", "exhibit_name": "アステカの暦石（複製）", "exhibit_id": "H0009490", "exhibit_iword": "太陽", "exhibit_image_url": "http://htq.minpaku.ac.jp/images/mo/H0/00/94/H0009490-0002-PCD-0.jpg", "kaisetsu": "中心の太陽神トナティウの顔をとりまいて、すでにほろびたとされる4つの太陽と、アステカの宗教暦の20の日付けをしめす絵文字があり、さらに生贄の血をあらわすヒスイの環、太陽光線を意味するV字形、太陽をはこぶ2ひきの火のヘビがきざまれ、全体としてアステカ人の世界観をしめしている。"}, {"place_name": "ホテル ラ・スイート神戸ハーバーランド", "lat": 34.682643, "lng": 135.184085, "review": "\nスタッフの方も優しく親切で安心して過ごすことができます！\nお部屋からはキレイにポートタワーが見え夜景がキレイです！\n東南向なので朝もお日様が入って気持ちよく起きることができます。", "place_iword": "お日様", "exhibit_name": "アステカの暦石（複製）", "exhibit_id": "H0009490", "exhibit_iword": "太陽", "exhibit_image_url": "http://htq.minpaku.ac.jp/images/mo/H0/00/94/H0009490-0002-PCD-0.jpg", "kaisetsu": "中心の太陽神トナティウの顔をとりまいて、すでにほろびたとされる4つの太陽と、アステカの宗教暦の20の日付けをしめす絵文字があり、さらに生贄の血をあらわすヒスイの環、太陽光線を意味するV字形、太陽をはこぶ2ひきの火のヘビがきざまれ、全体としてアステカ人の世界観をしめしている。"}, {"place_name": "プラネタリウムcafe&bar ほしぞら", "lat": 34.6943497, "lng": 135.1900712, "review": "\nかわいい小物や宇宙関連の物がほとんどカウンターにあり、プラネタリウムもカウンターが一番綺麗に見えるそうで、\n店員さんも気さくに話しかけてくれるのでとても居心地がよかったです。", "place_iword": "宇宙", "exhibit_name": "アステカの暦石（複製）", "exhibit_id": "H0009490", "exhibit_iword": "太陽", "exhibit_image_url": "http://htq.minpaku.ac.jp/images/mo/H0/00/94/H0009490-0002-PCD-0.jpg", "kaisetsu": "中心の太陽神トナティウの顔をとりまいて、すでにほろびたとされる4つの太陽と、アステカの宗教暦の20の日付けをしめす絵文字があり、さらに生贄の血をあらわすヒスイの環、太陽光線を意味するV字形、太陽をはこぶ2ひきの火のヘビがきざまれ、全体としてアステカ人の世界観をしめしている。"}, {"place_name": "プラネタリウムcafe&bar ほしぞら", "lat": 34.6943497, "lng": 135.1900712, "review": "星座の由来や、自分の星座についてなど細かくお話してくださいました。", "place_iword": "星座", "exhibit_name": "アステカの暦石（複製）", "exhibit_id": "H0009490", "exhibit_iword": "太陽", "exhibit_image_url": "http://htq.minpaku.ac.jp/images/mo/H0/00/94/H0009490-0002-PCD-0.jpg", "kaisetsu": "中心の太陽神トナティウの顔をとりまいて、すでにほろびたとされる4つの太陽と、アステカの宗教暦の20の日付けをしめす絵文字があり、さらに生贄の血をあらわすヒスイの環、太陽光線を意味するV字形、太陽をはこぶ2ひきの火のヘビがきざまれ、全体としてアステカ人の世界観をしめしている。"}, {"place_name": "丸亀製麺さんプラザ", "lat": 34.6921803, "lng": 135.1932291, "review": "衛星管理もしっかりしていて良いと思います。", "place_iword": "衛星", "exhibit_name": "アステカの暦石（複製）", "exhibit_id": "H0009490", "exhibit_iword": "太陽", "exhibit_image_url": "http://htq.minpaku.ac.jp/images/mo/H0/00/94/H0009490-0002-PCD-0.jpg", "kaisetsu": "中心の太陽神トナティウの顔をとりまいて、すでにほろびたとされる4つの太陽と、アステカの宗教暦の20の日付けをしめす絵文字があり、さらに生贄の血をあらわすヒスイの環、太陽光線を意味するV字形、太陽をはこぶ2ひきの火のヘビがきざまれ、全体としてアステカ人の世界観をしめしている。"}, {"place_name": "ショウワパーク神戸元町 駐車場", "lat": 34.690133, "lng": 135.186668, "review": "\n猫の目割引料金適用？。", "place_iword": "猫の目", "exhibit_name": "アステカの暦石（複製）", "exhibit_id": "H0009490", "exhibit_iword": "太陽", "exhibit_image_url": "http://htq.minpaku.ac.jp/images/mo/H0/00/94/H0009490-0002-PCD-0.jpg", "kaisetsu": "中心の太陽神トナティウの顔をとりまいて、すでにほろびたとされる4つの太陽と、アステカの宗教暦の20の日付けをしめす絵文字があり、さらに生贄の血をあらわすヒスイの環、太陽光線を意味するV字形、太陽をはこぶ2ひきの火のヘビがきざまれ、全体としてアステカ人の世界観をしめしている。"}, {"place_name": "ＢＡＲ崑崙", "lat": 34.6934561, "lng": 135.1911136, "review": "年に数回ですが通いだして20年。", "place_iword": "年", "exhibit_name": "アステカの暦石（複製）", "exhibit_id": "H0009490", "exhibit_iword": "太陽", "exhibit_image_url": "http://htq.minpaku.ac.jp/images/mo/H0/00/94/H0009490-0002-PCD-0.jpg", "kaisetsu": "中心の太陽神トナティウの顔をとりまいて、すでにほろびたとされる4つの太陽と、アステカの宗教暦の20の日付けをしめす絵文字があり、さらに生贄の血をあらわすヒスイの環、太陽光線を意味するV字形、太陽をはこぶ2ひきの火のヘビがきざまれ、全体としてアステカ人の世界観をしめしている。"}, {"place_name": "志保", "lat": 34.695552, "lng": 135.197266, "review": "女将さんが優しくて、本当に日本の家庭料理ですね。", "place_iword": "日本", "exhibit_name": "アステカの暦石（複製）", "exhibit_id": "H0009490", "exhibit_iword": "荷", "exhibit_image_url": "http://htq.minpaku.ac.jp/images/mo/H0/00/94/H0009490-0002-PCD-0.jpg", "kaisetsu": "記載内容の一部は複製の元になった資料に関するものである家畜に荷を担がせるのに用いる家畜に荷を担がせるのに用いる。"}, {"place_name": "（株）ハウスメイトマネジメント 神戸支店", "lat": 34.6946285, "lng": 135.1933496, "review": "駅前なので電車で行くには弁当。", "place_iword": "電車", "exhibit_name": "アステカの暦石（複製）", "exhibit_id": "H0009490", "exhibit_iword": "荷", "exhibit_image_url": "http://htq.minpaku.ac.jp/images/mo/H0/00/94/H0009490-0002-PCD-0.jpg", "kaisetsu": "記載内容の一部は複製の元になった資料に関するものである家畜に荷を担がせるのに用いる家畜に荷を担がせるのに用いる。"}, {"place_name": "兵庫県警察本部 痴漢等被害相談所 三ノ宮駅詰所・ＪＲ三ノ宮駅", "lat": 34.6948389, "lng": 135.194722, "review": "神戸駅の鉄道隊は行き付けの場所になっています。", "place_iword": "鉄道", "exhibit_name": "アステカの暦石（複製）", "exhibit_id": "H0009490", "exhibit_iword": "荷", "exhibit_image_url": "http://htq.minpaku.ac.jp/images/mo/H0/00/94/H0009490-0002-PCD-0.jpg", "kaisetsu": "記載内容の一部は複製の元になった資料に関するものである家畜に荷を担がせるのに用いる家畜に荷を担がせるのに用いる。"}, {"place_name": "リオッサオブラグーン", "lat": 34.6917949, "lng": 135.1891933, "review": "\n爪をはみ出し、爪のキワの指の肉とも接着されており本当にひどいです。", "place_iword": "指", "exhibit_name": "邪視除けのお守り", "exhibit_id": "H0168553", "exhibit_iword": "五指", "exhibit_image_url": "http://htq.minpaku.ac.jp/images/mo/H0/16/85/H0168553-0001-ima02-0.jpg", "kaisetsu": "「ハムザ（五指）または「ファーティマ（預言者ムハンマドの娘）の手」と呼ばれる。"}, {"place_name": "ミライズ整体院", "lat": 34.69056239999999, "lng": 135.1901604, "review": "\nマッサージなどではなく初めて受ける関節を動しているとのことで、施術中はこれでほんとによくなるのか不思議でしたが施術後もう一度はじめと同じように動かすと凄く軽く肩の負担も減り衝撃でした。", "place_iword": "関節", "exhibit_name": "邪視除けのお守り", "exhibit_id": "H0168553", "exhibit_iword": "五指", "exhibit_image_url": "http://htq.minpaku.ac.jp/images/mo/H0/16/85/H0168553-0001-ima02-0.jpg", "kaisetsu": "「ハムザ（五指）または「ファーティマ（預言者ムハンマドの娘）の手」と呼ばれる。"}, {"place_name": "リオッサオブラグーン", "lat": 34.6917949, "lng": 135.1891933, "review": "\n爪をはみ出し、爪のキワの指の肉とも接着されており本当にひどいです。", "place_iword": "爪", "exhibit_name": "邪視除けのお守り", "exhibit_id": "H0168553", "exhibit_iword": "五指", "exhibit_image_url": "http://htq.minpaku.ac.jp/images/mo/H0/16/85/H0168553-0001-ima02-0.jpg", "kaisetsu": "「ハムザ（五指）または「ファーティマ（預言者ムハンマドの娘）の手」と呼ばれる。"}, {"place_name": "野中歯科医院", "lat": 34.69709, "lng": 135.194169, "review": "ちゃんとした歯医者に行ってたら神経抜かずに治療できてたと思うと、歯医者選びは大事‼️神経抜かなくてもいけたらしい歯だったから後悔…。", "place_iword": "神経", "exhibit_name": "邪視除けのお守り", "exhibit_id": "H0168553", "exhibit_iword": "五指", "exhibit_image_url": "http://htq.minpaku.ac.jp/images/mo/H0/16/85/H0168553-0001-ima02-0.jpg", "kaisetsu": "「ハムザ（五指）または「ファーティマ（預言者ムハンマドの娘）の手」と呼ばれる。"}, {"place_name": "グリル十字屋", "lat": 34.690125, "lng": 135.194492, "review": "店内の雰囲気が、まるで洋館のよう！\nとってもオシャレでした✨\n\n注文したのは、ハヤシライスにカツを乗せた、カツハイライ\n背筋が伸びましたね…あんなに時間かけてハヤシライス味わったのは初めてでした。", "place_iword": "背筋", "exhibit_name": "邪視除けのお守り", "exhibit_id": "H0168553", "exhibit_iword": "五指", "exhibit_image_url": "http://htq.minpaku.ac.jp/images/mo/H0/16/85/H0168553-0001-ima02-0.jpg", "kaisetsu": "「ハムザ（五指）または「ファーティマ（預言者ムハンマドの娘）の手」と呼ばれる。"}, {"place_name": "鍼灸整体院ひわたし", "lat": 34.6968418, "lng": 135.1933434, "review": "治療後は、股関節の痛みもなく、体のダルさもなくなり、体が整った感じがしました。", "place_iword": "股関節", "exhibit_name": "邪視除けのお守り", "exhibit_id": "H0168553", "exhibit_iword": "五指", "exhibit_image_url": "http://htq.minpaku.ac.jp/images/mo/H0/16/85/H0168553-0001-ima02-0.jpg", "kaisetsu": "「ハムザ（五指）または「ファーティマ（預言者ムハンマドの娘）の手」と呼ばれる。"}, {"place_name": "日本ウェルネスサポート", "lat": 34.6939889, "lng": 135.1981866, "review": "腸と脳も検査ですっかり良くなり、毎日が快適で10年前より今は健康です。", "place_iword": "脳", "exhibit_name": "邪視除けのお守り", "exhibit_id": "H0168553", "exhibit_iword": "五指", "exhibit_image_url": "http://htq.minpaku.ac.jp/images/mo/H0/16/85/H0168553-0001-ima02-0.jpg", "kaisetsu": "「ハムザ（五指）または「ファーティマ（預言者ムハンマドの娘）の手」と呼ばれる。"}, {"place_name": "やきとん龍家", "lat": 34.6942074, "lng": 135.192081, "review": "美味しいです\n豚の脳みそ品切れだったので次は食べたい。", "place_iword": "脳みそ", "exhibit_name": "邪視除けのお守り", "exhibit_id": "H0168553", "exhibit_iword": "五指", "exhibit_image_url": "http://htq.minpaku.ac.jp/images/mo/H0/16/85/H0168553-0001-ima02-0.jpg", "kaisetsu": "「ハムザ（五指）または「ファーティマ（預言者ムハンマドの娘）の手」と呼ばれる。"}, {"place_name": "ＢＡＲ崑崙", "lat": 34.6934561, "lng": 135.1911136, "review": "年に数回ですが通いだして20年。", "place_iword": "年", "exhibit_name": "邪視除けのお守り", "exhibit_id": "H0168553", "exhibit_iword": "五指", "exhibit_image_url": "http://htq.minpaku.ac.jp/images/mo/H0/16/85/H0168553-0001-ima02-0.jpg", "kaisetsu": "「ハムザ（五指）または「ファーティマ（預言者ムハンマドの娘）の手」と呼ばれる。"}, {"place_name": "神戸リスカフェ", "lat": 34.69198279999999, "lng": 135.1968611, "review": "可愛い感じで女の子受けの良い店だと思って試しに来ました。", "place_iword": "受け", "exhibit_name": "邪視除けのお守り", "exhibit_id": "H0168553", "exhibit_iword": "五指", "exhibit_image_url": "http://htq.minpaku.ac.jp/images/mo/H0/16/85/H0168553-0001-ima02-0.jpg", "kaisetsu": "「ハムザ（五指）または「ファーティマ（預言者ムハンマドの娘）の手」と呼ばれる。"}, {"place_name": "リードマン 三宮店", "lat": 34.69118349999999, "lng": 135.1910262, "review": "\nこちらで購入したギターでしたので、毎回メンテナンスもサービスでしてくれます♪お店の方もいつも大変親切です(*^^*)。", "place_iword": "ギター", "exhibit_name": "カーヌーン", "exhibit_id": "H0209311", "exhibit_iword": "チター", "exhibit_image_url": "http://htq.minpaku.ac.jp/images/mo/H0/20/93/H0209311-studio-00-01-org.jpg", "kaisetsu": "チター系の弦鳴楽器。"}, {"place_name": "Acoustic Cabin 隠れ谷（かくれだに）", "lat": 34.69569829999999, "lng": 135.1915228, "review": "ウッドベースからギターまで、アコースティック楽器があるのでレンタルスタジオやミニライブ、イベントにも活用できるそうです。", "place_iword": "ウッドベース", "exhibit_name": "カーヌーン", "exhibit_id": "H0209311", "exhibit_iword": "チター", "exhibit_image_url": "http://htq.minpaku.ac.jp/images/mo/H0/20/93/H0209311-studio-00-01-org.jpg", "kaisetsu": "チター系の弦鳴楽器。"}, {"place_name": "神戸二胡専門店名師堂 神戸SOBOKU二胡スクール", "lat": 34.6924145, "lng": 135.1874774, "review": "二胡のオリジナル教本も、良く練られた内容です。", "place_iword": "二胡", "exhibit_name": "カーヌーン", "exhibit_id": "H0209311", "exhibit_iword": "チター", "exhibit_image_url": "http://htq.minpaku.ac.jp/images/mo/H0/20/93/H0209311-studio-00-01-org.jpg", "kaisetsu": "チター系の弦鳴楽器。"}, {"place_name": "フラワーショップ BLOSSOM 神戸・三宮店", "lat": 34.696627, "lng": 135.193171, "review": "こちらで、緑が多くて残念だったとのコメントを見かけて少し心配だったので、注文の際に、緑は控えめにお願いした所、緑は全く気にならない、とてもボリューミーで素敵なお花を用意してもらえました！！！！本当に素敵すぎて家族も皆んな大満足です！人形とバルーン、沢山の可愛いお花がついて、この大きさでは確実にお値段以上の花に見えます！！本当にありがとうございました！お花を持った人もとても喜んでいました！。", "place_iword": "バルーン", "exhibit_name": "カーヌーン", "exhibit_id": "H0209311", "exhibit_iword": "プレクトラム", "exhibit_image_url": "http://htq.minpaku.ac.jp/images/mo/H0/20/93/H0209311-studio-00-01-org.jpg", "kaisetsu": "両人差し指にはめたプレクトラムで弾く。"}, {"place_name": "大豆屋", "lat": 34.6961112, "lng": 135.1928615, "review": "スタッフさんがとても気さくな方で、不躾にボックス席の調度品についてお尋ねした際にも、わざわざどなたかに聞いてきてくださいました。", "place_iword": "調度", "exhibit_name": "カーヌーン", "exhibit_id": "H0209311", "exhibit_iword": "プレクトラム", "exhibit_image_url": "http://htq.minpaku.ac.jp/images/mo/H0/20/93/H0209311-studio-00-01-org.jpg", "kaisetsu": "両人差し指にはめたプレクトラムで弾く。"}, {"place_name": "神戸 和食 きまま屋", "lat": 34.693335, "lng": 135.19052, "review": "棒寿司は、サバとアジがあり、迷っていたら、大将が半々にしていただき両方を味わうことがてまきました。", "place_iword": "棒", "exhibit_name": "カーヌーン", "exhibit_id": "H0209311", "exhibit_iword": "プレクトラム", "exhibit_image_url": "http://htq.minpaku.ac.jp/images/mo/H0/20/93/H0209311-studio-00-01-org.jpg", "kaisetsu": "両人差し指にはめたプレクトラムで弾く。"}, {"place_name": "BAR MONLLOW", "lat": 34.6966271, "lng": 135.1920282, "review": "マスターの藤本さんは、話し上手で、良く気がつきます、また、ペアシートもあり、カップル👫には、最高です。", "place_iword": "シート", "exhibit_name": "カーヌーン", "exhibit_id": "H0209311", "exhibit_iword": "プレクトラム", "exhibit_image_url": "http://htq.minpaku.ac.jp/images/mo/H0/20/93/H0209311-studio-00-01-org.jpg", "kaisetsu": "両人差し指にはめたプレクトラムで弾く。"}, {"place_name": "神谷歯科医院 元町院", "lat": 34.6936033, "lng": 135.1863169, "review": "\n型取りだけで5000円\n削って仮蓋して8000円\n近くの他の歯医者で同じ処置をしてもらったら1000円程しか取られなかった。", "place_iword": "蓋", "exhibit_name": "カーヌーン", "exhibit_id": "H0209311", "exhibit_iword": "プレクトラム", "exhibit_image_url": "http://htq.minpaku.ac.jp/images/mo/H0/20/93/H0209311-studio-00-01-org.jpg", "kaisetsu": "両人差し指にはめたプレクトラムで弾く。"}, {"place_name": "Cà sento", "lat": 34.6942935, "lng": 135.1842815, "review": "\n\n甘いものでも感動するも、良き余韻を残して幕を引いてくれる。", "place_iword": "幕", "exhibit_name": "カーヌーン", "exhibit_id": "H0209311", "exhibit_iword": "プレクトラム", "exhibit_image_url": "http://htq.minpaku.ac.jp/images/mo/H0/20/93/H0209311-studio-00-01-org.jpg", "kaisetsu": "両人差し指にはめたプレクトラムで弾く。"}, {"place_name": "ミント三宮店（MINT SANNOMIYA スポーツカード＆カードゲーム）", "lat": 34.6915572, "lng": 135.193784, "review": "レアカードの数がやや少ないが、ショップの規模を考えれば仕方ないか。", "place_iword": "レアカード", "exhibit_name": "カーヌーン", "exhibit_id": "H0209311", "exhibit_iword": "プレクトラム", "exhibit_image_url": "http://htq.minpaku.ac.jp/images/mo/H0/20/93/H0209311-studio-00-01-org.jpg", "kaisetsu": "両人差し指にはめたプレクトラムで弾く。"}, {"place_name": "塩の屋", "lat": 34.69488500000001, "lng": 135.192428, "review": "\n料理も小皿で出てくるので、溶岩で焼いているのかわからない。", "place_iword": "溶岩", "exhibit_name": "モアイ（複製）", "exhibit_id": "H0009519", "exhibit_iword": "凝灰岩", "exhibit_image_url": "http://htq.minpaku.ac.jp/images/mo/H0/00/95/H0009519-studio-00-01-org.jpg", "kaisetsu": "凝灰岩を使用しており、大きなものは10メートルにおよぶものもある。"}, {"place_name": "額縁花壇", "lat": 34.6913751, "lng": 135.1951776, "review": "今のテーマは「アマビエさま」\n御影石で作られています\n一日も早い終息を願います。", "place_iword": "御影石", "exhibit_name": "モアイ（複製）", "exhibit_id": "H0009519", "exhibit_iword": "凝灰岩", "exhibit_image_url": "http://htq.minpaku.ac.jp/images/mo/H0/00/95/H0009519-studio-00-01-org.jpg", "kaisetsu": "凝灰岩を使用しており、大きなものは10メートルにおよぶものもある。"}, {"place_name": "ＢＡＲ崑崙", "lat": 34.6934561, "lng": 135.1911136, "review": "年に数回ですが通いだして20年。", "place_iword": "年", "exhibit_name": "モアイ（複製）", "exhibit_id": "H0009519", "exhibit_iword": "凝灰岩", "exhibit_image_url": "http://htq.minpaku.ac.jp/images/mo/H0/00/95/H0009519-studio-00-01-org.jpg", "kaisetsu": "凝灰岩を使用しており、大きなものは10メートルにおよぶものもある。"}, {"place_name": "志保", "lat": 34.695552, "lng": 135.197266, "review": "女将さんが優しくて、本当に日本の家庭料理ですね。", "place_iword": "日本", "exhibit_name": "モアイ（複製）", "exhibit_id": "H0009519", "exhibit_iword": "ラパヌイ", "exhibit_image_url": "http://htq.minpaku.ac.jp/images/mo/H0/00/95/H0009519-studio-00-01-org.jpg", "kaisetsu": "モアイはラパヌイの人びとが帰属する親族集団の祖先をあらわしたものとされる。"}, {"place_name": "ココマイスター神戸旧居留地店(COCOMEISTER)", "lat": 34.6876294, "lng": 135.1927173, "review": "お店の方も選ぶのに付き合ってくださりさすがココマイスターです！。", "place_iword": "スター", "exhibit_name": "モアイ（複製）", "exhibit_id": "H0009519", "exhibit_iword": "ラパヌイ", "exhibit_image_url": "http://htq.minpaku.ac.jp/images/mo/H0/00/95/H0009519-studio-00-01-org.jpg", "kaisetsu": "モアイはラパヌイの人びとが帰属する親族集団の祖先をあらわしたものとされる。"}, {"place_name": "アート美空間Ｓａｇａ", "lat": 34.6937852, "lng": 135.1889784, "review": "ちょっと変わった作品を制作している作家さんがよく個展、グループ展を開催しています。", "place_iword": "作品", "exhibit_name": "モアイ（複製）", "exhibit_id": "H0009519", "exhibit_iword": "モアイ", "exhibit_image_url": "http://htq.minpaku.ac.jp/images/mo/H0/00/95/H0009519-studio-00-01-org.jpg", "kaisetsu": "モアイはラパヌイの人びとが帰属する親族集団の祖先をあらわしたものとされる。"}, {"place_name": "ファミリーマート 兵庫県警察本部店", "lat": 34.69007359999999, "lng": 135.1837912, "review": "外部の人は利用できないようです。", "place_iword": "外部", "exhibit_name": "モアイ（複製）", "exhibit_id": "H0009519", "exhibit_iword": "モアイ", "exhibit_image_url": "http://htq.minpaku.ac.jp/images/mo/H0/00/95/H0009519-studio-00-01-org.jpg", "kaisetsu": "モアイはラパヌイの人びとが帰属する親族集団の祖先をあらわしたものとされる。"}, {"place_name": "メンバーズ翔", "lat": 34.69495200000001, "lng": 135.192622, "review": "神戸三ノ宮もコロナ拡大で 大変ですね😪     この店も以前ほどの賑わいは 有りませんが…それが かえって 歌の順番待ちが早く回って来て(笑) 歌好きには良いよ\nここのママさんはコロナ禍当初から 感染対策に厳しい人で 手指消毒や検温や 飛沫防止策やらで 初めは正直 鬱陶しいと思いましたが 今となっては大正解ですね👌\n大きな窓も有って時々換気してるし  何より 客の数だけ マイクを用意してるのには 驚きました(笑)。", "place_iword": "賑わい", "exhibit_name": "モアイ（複製）", "exhibit_id": "H0009519", "exhibit_iword": "モアイ", "exhibit_image_url": "http://htq.minpaku.ac.jp/images/mo/H0/00/95/H0009519-studio-00-01-org.jpg", "kaisetsu": "モアイはラパヌイの人びとが帰属する親族集団の祖先をあらわしたものとされる。"}, {"place_name": "KOBEとんぼ玉ミュージアム", "lat": 34.6885798, "lng": 135.1937831, "review": "結構歴史的な展示品も多く、細かく説明が書かれて色んな事を知れた。", "place_iword": "歴史", "exhibit_name": "モアイ（複製）", "exhibit_id": "H0009519", "exhibit_iword": "凝灰岩", "exhibit_image_url": "http://htq.minpaku.ac.jp/images/mo/H0/00/95/H0009519-studio-00-01-org.jpg", "kaisetsu": "凝灰岩を使用しており、大きなものは10メートルにおよぶものもある。"}, {"place_name": "iPhone修理工房 神戸三宮店", "lat": 34.6912664, "lng": 135.190107, "review": "iPhone 7 Plus のガラス割れて、修理を頼みました。", "place_iword": "7", "exhibit_name": "モアイ（複製）", "exhibit_id": "H0009519", "exhibit_iword": "モアイ", "exhibit_image_url": "http://htq.minpaku.ac.jp/images/mo/H0/00/95/H0009519-studio-00-01-org.jpg", "kaisetsu": "モアイはラパヌイの人びとが帰属する親族集団の祖先をあらわしたものとされる。"}, {"place_name": "コベリン アーバンエースビル前", "lat": 34.6949103, "lng": 135.1992948, "review": "コベリンのレンタルサイクルは\nクレジットカード限定らしく底辺収入者には貸してくれない様です。", "place_iword": "底辺", "exhibit_name": "チェチェメニ号", "exhibit_id": "H0004975", "exhibit_iword": "断面", "exhibit_image_url": "http://htq.minpaku.ac.jp/images/mo/H0/00/49/H0004975-studio-00-01-org.jpg", "kaisetsu": "伝統的技術によってつくられ、船体の断面はＶ字形で、船首と船尾が同じ形をしている。"}, {"place_name": "タチノミ・キッチンさにい 三宮店", "lat": 34.694154, "lng": 135.193281, "review": "立呑屋ですが、その辺の居酒屋より、全然美味しい料理‼️。", "place_iword": "辺", "exhibit_name": "チェチェメニ号", "exhibit_id": "H0004975", "exhibit_iword": "断面", "exhibit_image_url": "http://htq.minpaku.ac.jp/images/mo/H0/00/49/H0004975-studio-00-01-org.jpg", "kaisetsu": "伝統的技術によってつくられ、船体の断面はＶ字形で、船首と船尾が同じ形をしている。"}, {"place_name": "串カツ 三ツ星", "lat": 34.69234050000001, "lng": 135.1917546, "review": "昼間のビールの安さとたまたま串カツオール１００円均一フェア中だったので、とってもお得でした‼️。", "place_iword": "オール", "exhibit_name": "チェチェメニ号", "exhibit_id": "H0004975", "exhibit_iword": "船尾", "exhibit_image_url": "http://htq.minpaku.ac.jp/images/mo/H0/00/49/H0004975-studio-00-01-org.jpg", "kaisetsu": "伝統的技術によってつくられ、船体の断面はＶ字形で、船首と船尾が同じ形をしている。"}, {"place_name": "神戸ベイクルーズ 神戸港遊覧船＝ロイヤルプリンセス号/オーシャンプリンス号", "lat": 34.6824613, "lng": 135.1857955, "review": "双胴船なので乗り心地は大変良かったです。", "place_iword": "双胴船", "exhibit_name": "チェチェメニ号", "exhibit_id": "H0004975", "exhibit_iword": "船尾", "exhibit_image_url": "http://htq.minpaku.ac.jp/images/mo/H0/00/49/H0004975-studio-00-01-org.jpg", "kaisetsu": "伝統的技術によってつくられ、船体の断面はＶ字形で、船首と船尾が同じ形をしている。"}, {"place_name": "株式会社ＬｉｆｅＳｔｙｌｅ", "lat": 34.6899546, "lng": 135.196419, "review": "\n案内中にコインパーキング代数百円をケチる不動産屋なんて始めてだったので衝撃でした。", "place_iword": "代数", "exhibit_name": "チェチェメニ号", "exhibit_id": "H0004975", "exhibit_iword": "断面", "exhibit_image_url": "http://htq.minpaku.ac.jp/images/mo/H0/00/49/H0004975-studio-00-01-org.jpg", "kaisetsu": "伝統的技術によってつくられ、船体の断面はＶ字形で、船首と船尾が同じ形をしている。"}, {"place_name": "笑麺亭 神戸生田新道店", "lat": 34.6931028, "lng": 135.1896352, "review": "油そばはアレンジ無限大で美味しいです。", "place_iword": "無限大", "exhibit_name": "チェチェメニ号", "exhibit_id": "H0004975", "exhibit_iword": "断面", "exhibit_image_url": "http://htq.minpaku.ac.jp/images/mo/H0/00/49/H0004975-studio-00-01-org.jpg", "kaisetsu": "伝統的技術によってつくられ、船体の断面はＶ字形で、船首と船尾が同じ形をしている。"}, {"place_name": "寿司隆明 三宮店", "lat": 34.69481, "lng": 135.192439, "review": "寿司食べ放題と聞いていたが\nネタ極小で\nトロ、マグロ、サーモン品切れ‥\n穴子カピカピ\nアワビ鮮度悪すぎて\nその他も書いたらキリないくらい\n\n期待していただけに残念\nリピートはしないですね。", "place_iword": "極小", "exhibit_name": "チェチェメニ号", "exhibit_id": "H0004975", "exhibit_iword": "断面", "exhibit_image_url": "http://htq.minpaku.ac.jp/images/mo/H0/00/49/H0004975-studio-00-01-org.jpg", "kaisetsu": "伝統的技術によってつくられ、船体の断面はＶ字形で、船首と船尾が同じ形をしている。"}, {"place_name": "プライスコンタクト三宮", "lat": 34.694588, "lng": 135.19332, "review": "偉そうなことを言う割に、こちらとは一度も目をあわさず、内心では井の中の蛙なんだろうなと思いました。", "place_iword": "内心", "exhibit_name": "チェチェメニ号", "exhibit_id": "H0004975", "exhibit_iword": "断面", "exhibit_image_url": "http://htq.minpaku.ac.jp/images/mo/H0/00/49/H0004975-studio-00-01-org.jpg", "kaisetsu": "伝統的技術によってつくられ、船体の断面はＶ字形で、船首と船尾が同じ形をしている。"}, {"place_name": "神戸ムスリムモスク", "lat": 34.6961947, "lng": 135.1879015, "review": "\n外観のシンメトリーな構造が写真に撮れれば良かったのですが…。", "place_iword": "シンメトリー", "exhibit_name": "チェチェメニ号", "exhibit_id": "H0004975", "exhibit_iword": "断面", "exhibit_image_url": "http://htq.minpaku.ac.jp/images/mo/H0/00/49/H0004975-studio-00-01-org.jpg", "kaisetsu": "伝統的技術によってつくられ、船体の断面はＶ字形で、船首と船尾が同じ形をしている。"}, {"place_name": "ビリヤードALGO", "lat": 34.69385189999999, "lng": 135.1913032, "review": "\n球も綺麗し、ラックシートも用意されてます。", "place_iword": "球", "exhibit_name": "チェチェメニ号", "exhibit_id": "H0004975", "exhibit_iword": "断面", "exhibit_image_url": "http://htq.minpaku.ac.jp/images/mo/H0/00/49/H0004975-studio-00-01-org.jpg", "kaisetsu": "伝統的技術によってつくられ、船体の断面はＶ字形で、船首と船尾が同じ形をしている。"}, {"place_name": "焼鳥はりま", "lat": 34.6923036, "lng": 135.1919815, "review": "三ノ宮Ｎｏ．１の焼き鳥やさんです♡\n安い、うまい、多いの三拍子が揃う今の時代レアな美味しい焼き鳥屋さん♡すべて内税価格です♡\n\nもものたたき、胸肉のたたきは480円♡\nきものあぶりは、なんと300円!!\nみんち特大も300円♡\n\nびっくりするほどふわふわで絶品のつくねは一度食べたら他のお店のつくねが食べられなくなります!!\n\n利便性最高の立地にあるので是非行ってみてください♡。", "place_iword": "きもの", "exhibit_name": "ランダ", "exhibit_id": "H0004217", "exhibit_iword": "魔女", "exhibit_image_url": "http://htq.minpaku.ac.jp/images/mo/H0/00/42/H0004217-0002-PCD-1.jpg", "kaisetsu": "災いをもたらす魔女。"}, {"place_name": "イヴ・サンローラン 大丸神戸", "lat": 34.6885287, "lng": 135.190019, "review": "職人魂を感じる。", "place_iword": "魂", "exhibit_name": "ランダ", "exhibit_id": "H0004217", "exhibit_iword": "魔女", "exhibit_image_url": "http://htq.minpaku.ac.jp/images/mo/H0/00/42/H0004217-0002-PCD-1.jpg", "kaisetsu": "災いをもたらす魔女。"}, {"place_name": "気分転館 神戸三宮店", "lat": 34.695411, "lng": 135.196262, "review": "カイロプラクティックのマッサージ技術は、場所で力を習得非常に優しく、快適な環境と施設です！。", "place_iword": "力", "exhibit_name": "ランダ", "exhibit_id": "H0004217", "exhibit_iword": "力", "exhibit_image_url": "http://htq.minpaku.ac.jp/images/mo/H0/00/42/H0004217-0002-PCD-1.jpg", "kaisetsu": "その力をおそれるバリ島の人びとは、ランダに供物をささげ、劇を演じることでその力をしずめようとする。"}, {"place_name": "ＢＡＲ崑崙", "lat": 34.6934561, "lng": 135.1911136, "review": "年に数回ですが通いだして20年。", "place_iword": "年", "exhibit_name": "ランダ", "exhibit_id": "H0004217", "exhibit_iword": "バリ島", "exhibit_image_url": "http://htq.minpaku.ac.jp/images/mo/H0/00/42/H0004217-0002-PCD-1.jpg", "kaisetsu": "その力をおそれるバリ島の人びとは、ランダに供物をささげ、劇を演じることでその力をしずめようとする。"}, {"place_name": "志保", "lat": 34.695552, "lng": 135.197266, "review": "女将さんが優しくて、本当に日本の家庭料理ですね。", "place_iword": "日本", "exhibit_name": "ランダ", "exhibit_id": "H0004217", "exhibit_iword": "魔女", "exhibit_image_url": "http://htq.minpaku.ac.jp/images/mo/H0/00/42/H0004217-0002-PCD-1.jpg", "kaisetsu": "災いをもたらす魔女。"}, {"place_name": "アート美空間Ｓａｇａ", "lat": 34.6937852, "lng": 135.1889784, "review": "ちょっと変わった作品を制作している作家さんがよく個展、グループ展を開催しています。", "place_iword": "作品", "exhibit_name": "ランダ", "exhibit_id": "H0004217", "exhibit_iword": "魔女", "exhibit_image_url": "http://htq.minpaku.ac.jp/images/mo/H0/00/42/H0004217-0002-PCD-1.jpg", "kaisetsu": "災いをもたらす魔女。"}, {"place_name": "ファミリーマート 兵庫県警察本部店", "lat": 34.69007359999999, "lng": 135.1837912, "review": "外部の人は利用できないようです。", "place_iword": "外部", "exhibit_name": "ランダ", "exhibit_id": "H0004217", "exhibit_iword": "魔女", "exhibit_image_url": "http://htq.minpaku.ac.jp/images/mo/H0/00/42/H0004217-0002-PCD-1.jpg", "kaisetsu": "災いをもたらす魔女。"}, {"place_name": "iPhone修理工房 神戸三宮店", "lat": 34.6912664, "lng": 135.190107, "review": "iPhone 7 Plus のガラス割れて、修理を頼みました。", "place_iword": "7", "exhibit_name": "ランダ", "exhibit_id": "H0004217", "exhibit_iword": "魔女", "exhibit_image_url": "http://htq.minpaku.ac.jp/images/mo/H0/00/42/H0004217-0002-PCD-1.jpg", "kaisetsu": "災いをもたらす魔女。"}, {"place_name": "お肉の専門店スギモト", "lat": 34.6885534, "lng": 135.1900352, "review": "金土日特別メニューの神戸牛すき鍋定食おすすめ！\n\n1620円也。", "place_iword": "日", "exhibit_name": "ランダ", "exhibit_id": "H0004217", "exhibit_iword": "バリ島", "exhibit_image_url": "http://htq.minpaku.ac.jp/images/mo/H0/00/42/H0004217-0002-PCD-1.jpg", "kaisetsu": "その力をおそれるバリ島の人びとは、ランダに供物をささげ、劇を演じることでその力をしずめようとする。"}, {"place_name": "テイクアウトキッチンまかないや", "lat": 34.69130159999999, "lng": 135.1896676, "review": "マツコの知らない天津飯の世界で紹介されたとこ。", "place_iword": "世界", "exhibit_name": "ランダ", "exhibit_id": "H0004217", "exhibit_iword": "バリ島", "exhibit_image_url": "http://htq.minpaku.ac.jp/images/mo/H0/00/42/H0004217-0002-PCD-1.jpg", "kaisetsu": "その力をおそれるバリ島の人びとは、ランダに供物をささげ、劇を演じることでその力をしずめようとする。"}, {"place_name": "リードマン 三宮店", "lat": 34.69118349999999, "lng": 135.1910262, "review": "\n(楽器の奏法まで教えて貰えました)\n\nお客さんと本当に真摯に向き合って接客して頂けるので、三ノ宮では1番オススメしたい楽器店です。", "place_iword": "楽器", "exhibit_name": "馬頭琴（ばとうきん）", "exhibit_id": "H0033648", "exhibit_iword": "弦", "exhibit_image_url": "http://htq.minpaku.ac.jp/images/mo/H0/03/36/H0033648-studio-00-01-org.jpg", "kaisetsu": "棹と弦のあいだがかなり離れているので、弦を指の腹で押さえるだけではなく、指の背で下から押さえるようにして弾く。"}, {"place_name": "ＢＡＲ崑崙", "lat": 34.6934561, "lng": 135.1911136, "review": "年に数回ですが通いだして20年。", "place_iword": "年", "exhibit_name": "馬頭琴（ばとうきん）", "exhibit_id": "H0033648", "exhibit_iword": "胴", "exhibit_image_url": "http://htq.minpaku.ac.jp/images/mo/H0/03/36/H0033648-studio-00-01-org.jpg", "kaisetsu": "胴にはヤギの皮がはられたものもある。"}, {"place_name": "志保", "lat": 34.695552, "lng": 135.197266, "review": "女将さんが優しくて、本当に日本の家庭料理ですね。", "place_iword": "日本", "exhibit_name": "馬頭琴（ばとうきん）", "exhibit_id": "H0033648", "exhibit_iword": "棹", "exhibit_image_url": "http://htq.minpaku.ac.jp/images/mo/H0/03/36/H0033648-studio-00-01-org.jpg", "kaisetsu": "棹と弦のあいだがかなり離れているので、弦を指の腹で押さえるだけではなく、指の背で下から押さえるようにして弾く。"}, {"place_name": "BAR NoEL", "lat": 34.69370119999999, "lng": 135.1912116, "review": "会社の飲み会でお邪魔したのですがマスターの方が初見でも変わらずとても良くしていただきました！\nまた行きたいと思いました！\nとても雰囲気が良く、音楽に詳しいマスターに惚れました。", "place_iword": "音楽", "exhibit_name": "馬頭琴（ばとうきん）", "exhibit_id": "H0033648", "exhibit_iword": "弦", "exhibit_image_url": "http://htq.minpaku.ac.jp/images/mo/H0/03/36/H0033648-studio-00-01-org.jpg", "kaisetsu": "棹と弦のあいだがかなり離れているので、弦を指の腹で押さえるだけではなく、指の背で下から押さえるようにして弾く。"}, {"place_name": "みやもと本店", "lat": 34.69552090000001, "lng": 135.1920001, "review": "基本に忠実な料理であったが、可もなく不可もなく、特徴のない店である。", "place_iword": "特徴", "exhibit_name": "馬頭琴（ばとうきん）", "exhibit_id": "H0033648", "exhibit_iword": "胴", "exhibit_image_url": "http://htq.minpaku.ac.jp/images/mo/H0/03/36/H0033648-studio-00-01-org.jpg", "kaisetsu": "胴にはヤギの皮がはられたものもある。"}, {"place_name": "KOBEとんぼ玉ミュージアム", "lat": 34.6885798, "lng": 135.1937831, "review": "結構歴史的な展示品も多く、細かく説明が書かれて色んな事を知れた。", "place_iword": "歴史", "exhibit_name": "馬頭琴（ばとうきん）", "exhibit_id": "H0033648", "exhibit_iword": "胴", "exhibit_image_url": "http://htq.minpaku.ac.jp/images/mo/H0/03/36/H0033648-studio-00-01-org.jpg", "kaisetsu": "胴にはヤギの皮がはられたものもある。"}, {"place_name": "兵庫県石油協同組合", "lat": 34.686049, "lng": 135.1874572, "review": "なので、いない時は偉いさんが？対応？分かる？やろ？\n工事で別の所に引っ越してます！。", "place_iword": "いない", "exhibit_name": "馬頭琴（ばとうきん）", "exhibit_id": "H0033648", "exhibit_iword": "胴", "exhibit_image_url": "http://htq.minpaku.ac.jp/images/mo/H0/03/36/H0033648-studio-00-01-org.jpg", "kaisetsu": "胴にはヤギの皮がはられたものもある。"}, {"place_name": "ファミリーマート 兵庫県警察本部店", "lat": 34.69007359999999, "lng": 135.1837912, "review": "外部の人は利用できないようです。", "place_iword": "外部", "exhibit_name": "馬頭琴（ばとうきん）", "exhibit_id": "H0033648", "exhibit_iword": "弦", "exhibit_image_url": "http://htq.minpaku.ac.jp/images/mo/H0/03/36/H0033648-studio-00-01-org.jpg", "kaisetsu": "棹と弦のあいだがかなり離れているので、弦を指の腹で押さえるだけではなく、指の背で下から押さえるようにして弾く。"}, {"place_name": "アート美空間Ｓａｇａ", "lat": 34.6937852, "lng": 135.1889784, "review": "ちょっと変わった作品を制作している作家さんがよく個展、グループ展を開催しています。", "place_iword": "作品", "exhibit_name": "馬頭琴（ばとうきん）", "exhibit_id": "H0033648", "exhibit_iword": "弦", "exhibit_image_url": "http://htq.minpaku.ac.jp/images/mo/H0/03/36/H0033648-studio-00-01-org.jpg", "kaisetsu": "棹と弦のあいだがかなり離れているので、弦を指の腹で押さえるだけではなく、指の背で下から押さえるようにして弾く。"}, {"place_name": "テイクアウトキッチンまかないや", "lat": 34.69130159999999, "lng": 135.1896676, "review": "マツコの知らない天津飯の世界で紹介されたとこ。", "place_iword": "世界", "exhibit_name": "馬頭琴（ばとうきん）", "exhibit_id": "H0033648", "exhibit_iword": "胴", "exhibit_image_url": "http://htq.minpaku.ac.jp/images/mo/H0/03/36/H0033648-studio-00-01-org.jpg", "kaisetsu": "胴にはヤギの皮がはられたものもある。"}, {"place_name": "タイムズカー三宮駅前店", "lat": 34.6941084, "lng": 135.1984613, "review": "レンタカー借りたばっかり状態の、不慣れな道路、不慣れな自動車でも、ゆっくり自動車や経路を確認できます。", "place_iword": "自動車", "exhibit_name": "コーランおよび外箱", "exhibit_id": "H0109712", "exhibit_iword": "自動車", "exhibit_image_url": "http://htq.minpaku.ac.jp/images/mo/H0/10/97/H0109712-0001-ima03-0.jpg", "kaisetsu": "家や自動車にも置かれ、お守りとしても使われる。"}, {"place_name": "神戸ムスリムモスク", "lat": 34.6961947, "lng": 135.1879015, "review": "コーランの内容を解説してくれるボランティアの方もいた。", "place_iword": "コーラン", "exhibit_name": "コーランおよび外箱", "exhibit_id": "H0109712", "exhibit_iword": "コーラン", "exhibit_image_url": "http://htq.minpaku.ac.jp/images/mo/H0/10/97/H0109712-0001-ima03-0.jpg", "kaisetsu": "コーランは読み唱えるだけでなく。"}, {"place_name": "北野坂プリン工房セラヴィ", "lat": 34.69631509999999, "lng": 135.1921514, "review": "\n北野坂の途中にあり、ここで買って少し北側の交差点に腰掛けて休憩できる。", "place_iword": "交差点", "exhibit_name": "コーランおよび外箱", "exhibit_id": "H0109712", "exhibit_iword": "自動車", "exhibit_image_url": "http://htq.minpaku.ac.jp/images/mo/H0/10/97/H0109712-0001-ima03-0.jpg", "kaisetsu": "家や自動車にも置かれ、お守りとしても使われる。"}, {"place_name": "カフェ・ド・クリエ神戸元町店", "lat": 34.68838189999999, "lng": 135.186667, "review": "\n手前味噌ですが、🎨📚🎼が人生の道標と思っています。", "place_iword": "道標", "exhibit_name": "コーランおよび外箱", "exhibit_id": "H0109712", "exhibit_iword": "自動車", "exhibit_image_url": "http://htq.minpaku.ac.jp/images/mo/H0/10/97/H0109712-0001-ima03-0.jpg", "kaisetsu": "家や自動車にも置かれ、お守りとしても使われる。"}, {"place_name": "トイレ", "lat": 34.6873654, "lng": 135.1966887, "review": "路上駐車は時々巡回があるので要注意デス。", "place_iword": "路上駐車", "exhibit_name": "コーランおよび外箱", "exhibit_id": "H0109712", "exhibit_iword": "自動車", "exhibit_image_url": "http://htq.minpaku.ac.jp/images/mo/H0/10/97/H0109712-0001-ima03-0.jpg", "kaisetsu": "家や自動車にも置かれ、お守りとしても使われる。"}, {"place_name": "Chinese Kitchen 天華", "lat": 34.6959662, "lng": 135.1983629, "review": "裏道の家庭的なお店ですが、料理はすごくおいしい！しかも安い！。", "place_iword": "裏道", "exhibit_name": "コーランおよび外箱", "exhibit_id": "H0109712", "exhibit_iword": "自動車", "exhibit_image_url": "http://htq.minpaku.ac.jp/images/mo/H0/10/97/H0109712-0001-ima03-0.jpg", "kaisetsu": "家や自動車にも置かれ、お守りとしても使われる。"}, {"place_name": "丸亀製麺三宮", "lat": 34.6930144, "lng": 135.2022436, "review": "\n駐車場が併設されてますが、時間帯や曜日によっては駐車場に入るための車が車道で列をつくるほどです。", "place_iword": "車道", "exhibit_name": "コーランおよび外箱", "exhibit_id": "H0109712", "exhibit_iword": "自動車", "exhibit_image_url": "http://htq.minpaku.ac.jp/images/mo/H0/10/97/H0109712-0001-ima03-0.jpg", "kaisetsu": "家や自動車にも置かれ、お守りとしても使われる。"}, {"place_name": "弁護士法人ALG&Associates 神戸法律事務所", "lat": 34.69043009999999, "lng": 135.1946883, "review": "\nこちらは自転車で子供と一緒に骨折などの怪我をしているにも関わらず、相手方は謝罪もなし、救急車も警察も呼ばずに罵声を浴びせてくる有り様でした。", "place_iword": "自転車", "exhibit_name": "コーランおよび外箱", "exhibit_id": "H0109712", "exhibit_iword": "自動車", "exhibit_image_url": "http://htq.minpaku.ac.jp/images/mo/H0/10/97/H0109712-0001-ima03-0.jpg", "kaisetsu": "家や自動車にも置かれ、お守りとしても使われる。"}, {"place_name": "三宮中央通り駐車場", "lat": 34.6901079, "lng": 135.1923002, "review": "\n側車つきは普通自動車と同じ料金なので、地下2階以外の普通自動車の駐車スペースに駐車も可能。", "place_iword": "普通自動車", "exhibit_name": "コーランおよび外箱", "exhibit_id": "H0109712", "exhibit_iword": "自動車", "exhibit_image_url": "http://htq.minpaku.ac.jp/images/mo/H0/10/97/H0109712-0001-ima03-0.jpg", "kaisetsu": "家や自動車にも置かれ、お守りとしても使われる。"}, {"place_name": "KAINO KOBE三宮店", "lat": 34.69092190000001, "lng": 135.1931108, "review": "店の前で客の写真撮って通行止めしても一言もない愛想の悪い店員。", "place_iword": "通行止め", "exhibit_name": "コーランおよび外箱", "exhibit_id": "H0109712", "exhibit_iword": "自動車", "exhibit_image_url": "http://htq.minpaku.ac.jp/images/mo/H0/10/97/H0109712-0001-ima03-0.jpg", "kaisetsu": "家や自動車にも置かれ、お守りとしても使われる。"}]