[{"place_name": "本くるくる", "lat": 34.6916748, "lng": 135.1922064, "review": "琉球そばと沖縄そば（細めんと太めん）があって、お好み次第。", "place_iword": "太", "exhibit_name": "アステカの暦石（複製）", "exhibit_id": "H0009490", "exhibit_iword": "太陽", "exhibit_image_url": "http://htq.minpaku.ac.jp/images/mo/H0/00/94/H0009490-0002-PCD-0.jpg", "kaisetsu": "中心の太陽神トナティウの顔をとりまいて、すでにほろびたとされる4つの太陽と、アステカの宗教暦の20の日付けをしめす絵文字があり、さらに生贄の血をあらわすヒスイの環、太陽光線を意味するV字形、太陽をはこぶ2ひきの火のヘビがきざまれ、全体としてアステカ人の世界観をしめしている。"}, {"place_name": "ホテル ラ・スイート神戸ハーバーランド", "lat": 34.682643, "lng": 135.184085, "review": "\nスタッフの方も優しく親切で安心して過ごすことができます！\nお部屋からはキレイにポートタワーが見え夜景がキレイです！\n東南向なので朝もお日様が入って気持ちよく起きることができます。", "place_iword": "お日様", "exhibit_name": "アステカの暦石（複製）", "exhibit_id": "H0009490", "exhibit_iword": "太陽", "exhibit_image_url": "http://htq.minpaku.ac.jp/images/mo/H0/00/94/H0009490-0002-PCD-0.jpg", "kaisetsu": "中心の太陽神トナティウの顔をとりまいて、すでにほろびたとされる4つの太陽と、アステカの宗教暦の20の日付けをしめす絵文字があり、さらに生贄の血をあらわすヒスイの環、太陽光線を意味するV字形、太陽をはこぶ2ひきの火のヘビがきざまれ、全体としてアステカ人の世界観をしめしている。"}, {"place_name": "プラネタリウムcafe&bar ほしぞら", "lat": 34.6943497, "lng": 135.1900712, "review": "\nかわいい小物や宇宙関連の物がほとんどカウンターにあり、プラネタリウムもカウンターが一番綺麗に見えるそうで、\n店員さんも気さくに話しかけてくれるのでとても居心地がよかったです。", "place_iword": "宇宙", "exhibit_name": "アステカの暦石（複製）", "exhibit_id": "H0009490", "exhibit_iword": "太陽", "exhibit_image_url": "http://htq.minpaku.ac.jp/images/mo/H0/00/94/H0009490-0002-PCD-0.jpg", "kaisetsu": "中心の太陽神トナティウの顔をとりまいて、すでにほろびたとされる4つの太陽と、アステカの宗教暦の20の日付けをしめす絵文字があり、さらに生贄の血をあらわすヒスイの環、太陽光線を意味するV字形、太陽をはこぶ2ひきの火のヘビがきざまれ、全体としてアステカ人の世界観をしめしている。"}, {"place_name": "プラネタリウムcafe&bar ほしぞら", "lat": 34.6943497, "lng": 135.1900712, "review": "星座の由来や、自分の星座についてなど細かくお話してくださいました。", "place_iword": "星座", "exhibit_name": "アステカの暦石（複製）", "exhibit_id": "H0009490", "exhibit_iword": "太陽", "exhibit_image_url": "http://htq.minpaku.ac.jp/images/mo/H0/00/94/H0009490-0002-PCD-0.jpg", "kaisetsu": "中心の太陽神トナティウの顔をとりまいて、すでにほろびたとされる4つの太陽と、アステカの宗教暦の20の日付けをしめす絵文字があり、さらに生贄の血をあらわすヒスイの環、太陽光線を意味するV字形、太陽をはこぶ2ひきの火のヘビがきざまれ、全体としてアステカ人の世界観をしめしている。"}, {"place_name": "ミヤコ", "lat": 34.6914591, "lng": 135.1922965, "review": "加古川本店の三宮店。本店は免税対応していないので、三宮店内を訪問。Astron:SBXC015 免税とフェア値引で、安く買えました。", "place_iword": "astron", "exhibit_name": "アステカの暦石（複製）", "exhibit_id": "H0009490", "exhibit_iword": "太陽", "exhibit_image_url": "http://htq.minpaku.ac.jp/images/mo/H0/00/94/H0009490-0002-PCD-0.jpg", "kaisetsu": "中心の太陽神トナティウの顔をとりまいて、すでにほろびたとされる4つの太陽と、アステカの宗教暦の20の日付けをしめす絵文字があり、さらに生贄の血をあらわすヒスイの環、太陽光線を意味するV字形、太陽をはこぶ2ひきの火のヘビがきざまれ、全体としてアステカ人の世界観をしめしている。"}, {"place_name": "丸亀製麺さんプラザ", "lat": 34.6921803, "lng": 135.1932291, "review": "衛星管理もしっかりしていて良いと思います。", "place_iword": "衛星", "exhibit_name": "アステカの暦石（複製）", "exhibit_id": "H0009490", "exhibit_iword": "太陽", "exhibit_image_url": "http://htq.minpaku.ac.jp/images/mo/H0/00/94/H0009490-0002-PCD-0.jpg", "kaisetsu": "中心の太陽神トナティウの顔をとりまいて、すでにほろびたとされる4つの太陽と、アステカの宗教暦の20の日付けをしめす絵文字があり、さらに生贄の血をあらわすヒスイの環、太陽光線を意味するV字形、太陽をはこぶ2ひきの火のヘビがきざまれ、全体としてアステカ人の世界観をしめしている。"}, {"place_name": "ショウワパーク神戸元町 駐車場", "lat": 34.690133, "lng": 135.186668, "review": "\n猫の目割引料金適用？。", "place_iword": "猫の目", "exhibit_name": "アステカの暦石（複製）", "exhibit_id": "H0009490", "exhibit_iword": "太陽", "exhibit_image_url": "http://htq.minpaku.ac.jp/images/mo/H0/00/94/H0009490-0002-PCD-0.jpg", "kaisetsu": "中心の太陽神トナティウの顔をとりまいて、すでにほろびたとされる4つの太陽と、アステカの宗教暦の20の日付けをしめす絵文字があり、さらに生贄の血をあらわすヒスイの環、太陽光線を意味するV字形、太陽をはこぶ2ひきの火のヘビがきざまれ、全体としてアステカ人の世界観をしめしている。"}, {"place_name": "STUDIO ARC 神戸ハーバーランド店", "lat": 34.677812, "lng": 135.1834017, "review": "家族写真の撮影で予約しました。", "place_iword": "家族写真", "exhibit_name": "アステカの暦石（複製）", "exhibit_id": "H0009490", "exhibit_iword": "太陽", "exhibit_image_url": "http://htq.minpaku.ac.jp/images/mo/H0/00/94/H0009490-0002-PCD-0.jpg", "kaisetsu": "中心の太陽神トナティウの顔をとりまいて、すでにほろびたとされる4つの太陽と、アステカの宗教暦の20の日付けをしめす絵文字があり、さらに生贄の血をあらわすヒスイの環、太陽光線を意味するV字形、太陽をはこぶ2ひきの火のヘビがきざまれ、全体としてアステカ人の世界観をしめしている。"}, {"place_name": "ＢＡＲ崑崙", "lat": 34.6934561, "lng": 135.1911136, "review": "年に数回ですが通いだして20年。", "place_iword": "年", "exhibit_name": "アステカの暦石（複製）", "exhibit_id": "H0009490", "exhibit_iword": "太陽", "exhibit_image_url": "http://htq.minpaku.ac.jp/images/mo/H0/00/94/H0009490-0002-PCD-0.jpg", "kaisetsu": "中心の太陽神トナティウの顔をとりまいて、すでにほろびたとされる4つの太陽と、アステカの宗教暦の20の日付けをしめす絵文字があり、さらに生贄の血をあらわすヒスイの環、太陽光線を意味するV字形、太陽をはこぶ2ひきの火のヘビがきざまれ、全体としてアステカ人の世界観をしめしている。"}, {"place_name": "（株）イナハラ 神戸本社", "lat": 34.69276299999999, "lng": 135.200602, "review": "\n荷降ろしは路駐作業です。", "place_iword": "荷", "exhibit_name": "アステカの暦石（複製）", "exhibit_id": "H0009490", "exhibit_iword": "荷", "exhibit_image_url": "http://htq.minpaku.ac.jp/images/mo/H0/00/94/H0009490-0002-PCD-0.jpg", "kaisetsu": "記載内容の一部は複製の元になった資料に関するものである家畜に荷を担がせるのに用いる家畜に荷を担がせるのに用いる。"}, {"place_name": "（株）オカダ洋傘店", "lat": 34.6881053, "lng": 135.1859038, "review": "持ち手が木彫りの落ち着いた傘を探し求めて見つけたお店。", "place_iword": "木彫り", "exhibit_name": "アレブリヘ : 木彫（ラッコ）", "exhibit_id": "H0268538", "exhibit_iword": "木彫", "exhibit_image_url": "http://htq.minpaku.ac.jp/images/mo/H0/26/85/H0268538-studio-00-01-org.jpg", "kaisetsu": "典型的なアレブリヘはメキシコ市で制作される怪物の紙人形だが、オアハカ州の木彫も形や色彩が「空想的な生き物」を思わせるため、アレブリヘとよばれるようになった。"}, {"place_name": "スプレーアート専門店Grant Leauvas（グランローヴァ）", "lat": 34.6880708, "lng": 135.1868616, "review": "今日のよ~いドン！［人間国宝さん］で八光さんが訪れました｡\n日本では､あまり広まっていませんが｡アメリカかメキシコが発祥と言われている､スプレーを吹くだけというよりも､吹いたモノをチョッと剥ぎ取ったりして模様を着けたりするアートで｡\n店内には､100点ぐらい置いてあり｡\n自分で見たものや､インスピレーション沸いた時などに描いたりするモノもあり｡ロマンチックな夢を見た時の自分の体験とか感情を描いたりする事もあるそうです｡\nスプレーアートとは､主にスプレー缶を使って､紙や壁などに絵や文字を描く芸術作品｡他のアートに比べ､完成するまでの時間がとても早く約5分ぐらいの時も………｡\nとても手軽ながら､芸術性の高い作品が出来るため若者を中心に｡今､徐々に火がつき始めているアート｡\n価格は､￥6.000~￥20.000ぐらいでお手頃なお値段｡マンションの部屋や廊下などに飾るのに､ちょうど良い大きさで｡気持ちを和ませてくれるモノが多く気軽に楽しめそうです😊💮｡#。", "place_iword": "スプレーアート", "exhibit_name": "アレブリヘ : 木彫（ラッコ）", "exhibit_id": "H0268538", "exhibit_iword": "工芸", "exhibit_image_url": "http://htq.minpaku.ac.jp/images/mo/H0/26/85/H0268538-studio-00-01-org.jpg", "kaisetsu": "アレブリヘとは：アレブリヘとは「空想的な生き物」の工芸品のことである。"}, {"place_name": "神戸阪急", "lat": 34.6930303, "lng": 135.1953322, "review": "阪急に看板は変わったけど中身はあまり変わってない。", "place_iword": "看板", "exhibit_name": "アレブリヘ : 木彫（ラッコ）", "exhibit_id": "H0268538", "exhibit_iword": "工芸", "exhibit_image_url": "http://htq.minpaku.ac.jp/images/mo/H0/26/85/H0268538-studio-00-01-org.jpg", "kaisetsu": "アレブリヘとは：アレブリヘとは「空想的な生き物」の工芸品のことである。"}, {"place_name": "ドンク 神戸阪急", "lat": 34.6930303, "lng": 135.1953322, "review": "写真はミニカヌレ２００ｇ。", "place_iword": "写真", "exhibit_name": "アレブリヘ : 木彫（ラッコ）", "exhibit_id": "H0268538", "exhibit_iword": "木彫", "exhibit_image_url": "http://htq.minpaku.ac.jp/images/mo/H0/26/85/H0268538-studio-00-01-org.jpg", "kaisetsu": "典型的なアレブリヘはメキシコ市で制作される怪物の紙人形だが、オアハカ州の木彫も形や色彩が「空想的な生き物」を思わせるため、アレブリヘとよばれるようになった。"}, {"place_name": "笹倉鉄平作品専門画廊、『元町コンフォート・ギャラリー』", "lat": 34.688162, "lng": 135.185275, "review": "ある依頼で訪ねたのですが、\n\n絵画って良いものだと思えた画廊^_^\n\n笹倉さんの絵は素晴らしいと思いました^ - ^。", "place_iword": "絵画", "exhibit_name": "アレブリヘ : 木彫（ラッコ）", "exhibit_id": "H0268538", "exhibit_iword": "工芸", "exhibit_image_url": "http://htq.minpaku.ac.jp/images/mo/H0/26/85/H0268538-studio-00-01-org.jpg", "kaisetsu": "アレブリヘとは：アレブリヘとは「空想的な生き物」の工芸品のことである。"}, {"place_name": "（株）甲南画材", "lat": 34.695552, "lng": 135.197266, "review": "素人の絵でも親身に額を選んで頂きました。", "place_iword": "絵", "exhibit_name": "アレブリヘ : 木彫（ラッコ）", "exhibit_id": "H0268538", "exhibit_iword": "工芸", "exhibit_image_url": "http://htq.minpaku.ac.jp/images/mo/H0/26/85/H0268538-studio-00-01-org.jpg", "kaisetsu": "アレブリヘとは：アレブリヘとは「空想的な生き物」の工芸品のことである。"}, {"place_name": "なが坂", "lat": 34.6961465, "lng": 135.190057, "review": "写真撮影不可なお店です。", "place_iword": "写真撮影", "exhibit_name": "アレブリヘ : 木彫（ラッコ）", "exhibit_id": "H0268538", "exhibit_iword": "木彫", "exhibit_image_url": "http://htq.minpaku.ac.jp/images/mo/H0/26/85/H0268538-studio-00-01-org.jpg", "kaisetsu": "典型的なアレブリヘはメキシコ市で制作される怪物の紙人形だが、オアハカ州の木彫も形や色彩が「空想的な生き物」を思わせるため、アレブリヘとよばれるようになった。"}, {"place_name": "神戸プロポーションアカデミー", "lat": 34.69279700000001, "lng": 135.19798, "review": "\n○○ザップとかはあまりにハードすぎて私は続かないのは分かっていたのですが、プロポーションアカデミーのコースは無理なく続けられるので本当におすすめです。", "place_iword": "プロポーション", "exhibit_name": "アレブリヘ : 木彫（ラッコ）", "exhibit_id": "H0268538", "exhibit_iword": "木彫", "exhibit_image_url": "http://htq.minpaku.ac.jp/images/mo/H0/26/85/H0268538-studio-00-01-org.jpg", "kaisetsu": "典型的なアレブリヘはメキシコ市で制作される怪物の紙人形だが、オアハカ州の木彫も形や色彩が「空想的な生き物」を思わせるため、アレブリヘとよばれるようになった。"}, {"place_name": "銀杏", "lat": 34.693696, "lng": 135.191348, "review": "空気感が最高でした。", "place_iword": "空気感", "exhibit_name": "アレブリヘ : 木彫（ラッコ）", "exhibit_id": "H0268538", "exhibit_iword": "木彫", "exhibit_image_url": "http://htq.minpaku.ac.jp/images/mo/H0/26/85/H0268538-studio-00-01-org.jpg", "kaisetsu": "典型的なアレブリヘはメキシコ市で制作される怪物の紙人形だが、オアハカ州の木彫も形や色彩が「空想的な生き物」を思わせるため、アレブリヘとよばれるようになった。"}, {"place_name": "BAR SLOPPY JOE", "lat": 34.6940323, "lng": 135.1897237, "review": "\nドア前に大きなポスターが貼ってあります。", "place_iword": "ポスター", "exhibit_name": "アレブリヘ : 木彫（ラッコ）", "exhibit_id": "H0268538", "exhibit_iword": "工芸", "exhibit_image_url": "http://htq.minpaku.ac.jp/images/mo/H0/26/85/H0268538-studio-00-01-org.jpg", "kaisetsu": "アレブリヘとは：アレブリヘとは「空想的な生き物」の工芸品のことである。"}, {"place_name": "（株）オカダ洋傘店", "lat": 34.6881053, "lng": 135.1859038, "review": "持ち手が木彫りの落ち着いた傘を探し求めて見つけたお店。", "place_iword": "木彫り", "exhibit_name": "アレブリヘ : 木彫（オポッサム）", "exhibit_id": "H0268547", "exhibit_iword": "木彫", "exhibit_image_url": "http://htq.minpaku.ac.jp/images/mo/H0/26/85/H0268547-studio-00-01-org.jpg", "kaisetsu": "典型的なアレブリヘはメキシコ市で制作される怪物の紙人形だが、オアハカ州の木彫も形や色彩が「空想的な生き物」を思わせるため、アレブリヘとよばれるようになった。"}, {"place_name": "スプレーアート専門店Grant Leauvas（グランローヴァ）", "lat": 34.6880708, "lng": 135.1868616, "review": "今日のよ~いドン！［人間国宝さん］で八光さんが訪れました｡\n日本では､あまり広まっていませんが｡アメリカかメキシコが発祥と言われている､スプレーを吹くだけというよりも､吹いたモノをチョッと剥ぎ取ったりして模様を着けたりするアートで｡\n店内には､100点ぐらい置いてあり｡\n自分で見たものや､インスピレーション沸いた時などに描いたりするモノもあり｡ロマンチックな夢を見た時の自分の体験とか感情を描いたりする事もあるそうです｡\nスプレーアートとは､主にスプレー缶を使って､紙や壁などに絵や文字を描く芸術作品｡他のアートに比べ､完成するまでの時間がとても早く約5分ぐらいの時も………｡\nとても手軽ながら､芸術性の高い作品が出来るため若者を中心に｡今､徐々に火がつき始めているアート｡\n価格は､￥6.000~￥20.000ぐらいでお手頃なお値段｡マンションの部屋や廊下などに飾るのに､ちょうど良い大きさで｡気持ちを和ませてくれるモノが多く気軽に楽しめそうです😊💮｡#。", "place_iword": "スプレーアート", "exhibit_name": "アレブリヘ : 木彫（オポッサム）", "exhibit_id": "H0268547", "exhibit_iword": "工芸", "exhibit_image_url": "http://htq.minpaku.ac.jp/images/mo/H0/26/85/H0268547-studio-00-01-org.jpg", "kaisetsu": "アレブリヘとは：アレブリヘとは「空想的な生き物」の工芸品のことである。"}, {"place_name": "神戸阪急", "lat": 34.6930303, "lng": 135.1953322, "review": "阪急に看板は変わったけど中身はあまり変わってない。", "place_iword": "看板", "exhibit_name": "アレブリヘ : 木彫（オポッサム）", "exhibit_id": "H0268547", "exhibit_iword": "工芸", "exhibit_image_url": "http://htq.minpaku.ac.jp/images/mo/H0/26/85/H0268547-studio-00-01-org.jpg", "kaisetsu": "アレブリヘとは：アレブリヘとは「空想的な生き物」の工芸品のことである。"}, {"place_name": "ドンク 神戸阪急", "lat": 34.6930303, "lng": 135.1953322, "review": "写真はミニカヌレ２００ｇ。", "place_iword": "写真", "exhibit_name": "アレブリヘ : 木彫（オポッサム）", "exhibit_id": "H0268547", "exhibit_iword": "木彫", "exhibit_image_url": "http://htq.minpaku.ac.jp/images/mo/H0/26/85/H0268547-studio-00-01-org.jpg", "kaisetsu": "典型的なアレブリヘはメキシコ市で制作される怪物の紙人形だが、オアハカ州の木彫も形や色彩が「空想的な生き物」を思わせるため、アレブリヘとよばれるようになった。"}, {"place_name": "笹倉鉄平作品専門画廊、『元町コンフォート・ギャラリー』", "lat": 34.688162, "lng": 135.185275, "review": "ある依頼で訪ねたのですが、\n\n絵画って良いものだと思えた画廊^_^\n\n笹倉さんの絵は素晴らしいと思いました^ - ^。", "place_iword": "絵画", "exhibit_name": "アレブリヘ : 木彫（オポッサム）", "exhibit_id": "H0268547", "exhibit_iword": "工芸", "exhibit_image_url": "http://htq.minpaku.ac.jp/images/mo/H0/26/85/H0268547-studio-00-01-org.jpg", "kaisetsu": "アレブリヘとは：アレブリヘとは「空想的な生き物」の工芸品のことである。"}, {"place_name": "（株）甲南画材", "lat": 34.695552, "lng": 135.197266, "review": "素人の絵でも親身に額を選んで頂きました。", "place_iword": "絵", "exhibit_name": "アレブリヘ : 木彫（オポッサム）", "exhibit_id": "H0268547", "exhibit_iword": "工芸", "exhibit_image_url": "http://htq.minpaku.ac.jp/images/mo/H0/26/85/H0268547-studio-00-01-org.jpg", "kaisetsu": "アレブリヘとは：アレブリヘとは「空想的な生き物」の工芸品のことである。"}, {"place_name": "なが坂", "lat": 34.6961465, "lng": 135.190057, "review": "写真撮影不可なお店です。", "place_iword": "写真撮影", "exhibit_name": "アレブリヘ : 木彫（オポッサム）", "exhibit_id": "H0268547", "exhibit_iword": "木彫", "exhibit_image_url": "http://htq.minpaku.ac.jp/images/mo/H0/26/85/H0268547-studio-00-01-org.jpg", "kaisetsu": "典型的なアレブリヘはメキシコ市で制作される怪物の紙人形だが、オアハカ州の木彫も形や色彩が「空想的な生き物」を思わせるため、アレブリヘとよばれるようになった。"}, {"place_name": "神戸プロポーションアカデミー", "lat": 34.69279700000001, "lng": 135.19798, "review": "\n○○ザップとかはあまりにハードすぎて私は続かないのは分かっていたのですが、プロポーションアカデミーのコースは無理なく続けられるので本当におすすめです。", "place_iword": "プロポーション", "exhibit_name": "アレブリヘ : 木彫（オポッサム）", "exhibit_id": "H0268547", "exhibit_iword": "木彫", "exhibit_image_url": "http://htq.minpaku.ac.jp/images/mo/H0/26/85/H0268547-studio-00-01-org.jpg", "kaisetsu": "典型的なアレブリヘはメキシコ市で制作される怪物の紙人形だが、オアハカ州の木彫も形や色彩が「空想的な生き物」を思わせるため、アレブリヘとよばれるようになった。"}, {"place_name": "銀杏", "lat": 34.693696, "lng": 135.191348, "review": "空気感が最高でした。", "place_iword": "空気感", "exhibit_name": "アレブリヘ : 木彫（オポッサム）", "exhibit_id": "H0268547", "exhibit_iword": "木彫", "exhibit_image_url": "http://htq.minpaku.ac.jp/images/mo/H0/26/85/H0268547-studio-00-01-org.jpg", "kaisetsu": "典型的なアレブリヘはメキシコ市で制作される怪物の紙人形だが、オアハカ州の木彫も形や色彩が「空想的な生き物」を思わせるため、アレブリヘとよばれるようになった。"}, {"place_name": "BAR SLOPPY JOE", "lat": 34.6940323, "lng": 135.1897237, "review": "\nドア前に大きなポスターが貼ってあります。", "place_iword": "ポスター", "exhibit_name": "アレブリヘ : 木彫（オポッサム）", "exhibit_id": "H0268547", "exhibit_iword": "工芸", "exhibit_image_url": "http://htq.minpaku.ac.jp/images/mo/H0/26/85/H0268547-studio-00-01-org.jpg", "kaisetsu": "アレブリヘとは：アレブリヘとは「空想的な生き物」の工芸品のことである。"}, {"place_name": "ジェイムkobe", "lat": 34.6885828, "lng": 135.1905533, "review": "神戸ビーフ型のデコレーションクッキーがネタ土産に良さそう。", "place_iword": "土産", "exhibit_name": "「歯医者」", "exhibit_id": "H0210115", "exhibit_iword": "土産", "exhibit_image_url": "http://htq.minpaku.ac.jp/images/mo/H0/21/01/H0210115-0001-ima03-0.jpg", "kaisetsu": "記載内容は複製のもとになった資料に関するものである観光土産用焼き物観光土産用焼き物。"}, {"place_name": "株式会社ナガサワ文具センター", "lat": 34.689917, "lng": 135.194111, "review": "\n神戸オリジナルのインクなどはお土産物としてもいい。", "place_iword": "土産物", "exhibit_name": "「歯医者」", "exhibit_id": "H0210115", "exhibit_iword": "土産", "exhibit_image_url": "http://htq.minpaku.ac.jp/images/mo/H0/21/01/H0210115-0001-ima03-0.jpg", "kaisetsu": "記載内容は複製のもとになった資料に関するものである観光土産用焼き物観光土産用焼き物。"}, {"place_name": "カネボウ", "lat": 34.6930207, "lng": 135.195508, "review": "旅行のついでに買い物をしたのですが、オススメのお土産を聞いたら色々と教えてくれました。", "place_iword": "お土産", "exhibit_name": "「歯医者」", "exhibit_id": "H0210115", "exhibit_iword": "土産", "exhibit_image_url": "http://htq.minpaku.ac.jp/images/mo/H0/21/01/H0210115-0001-ima03-0.jpg", "kaisetsu": "記載内容は複製のもとになった資料に関するものである観光土産用焼き物観光土産用焼き物。"}, {"place_name": "ミオール KOBE", "lat": 34.6923295, "lng": 135.1948687, "review": "手土産を買うのによく利用します。", "place_iword": "手土産", "exhibit_name": "「歯医者」", "exhibit_id": "H0210115", "exhibit_iword": "土産", "exhibit_image_url": "http://htq.minpaku.ac.jp/images/mo/H0/21/01/H0210115-0001-ima03-0.jpg", "kaisetsu": "記載内容は複製のもとになった資料に関するものである観光土産用焼き物観光土産用焼き物。"}, {"place_name": "トミーズ 三宮店", "lat": 34.6923901, "lng": 135.1919939, "review": "\n\n三宮で買う家族みやげにも最適です。", "place_iword": "みやげ", "exhibit_name": "「歯医者」", "exhibit_id": "H0210115", "exhibit_iword": "土産", "exhibit_image_url": "http://htq.minpaku.ac.jp/images/mo/H0/21/01/H0210115-0001-ima03-0.jpg", "kaisetsu": "記載内容は複製のもとになった資料に関するものである観光土産用焼き物観光土産用焼き物。"}, {"place_name": "アビック一番館", "lat": 34.69582179999999, "lng": 135.1953969, "review": "交通アクセスは○。", "place_iword": "交通", "exhibit_name": "「歯医者」", "exhibit_id": "H0210115", "exhibit_iword": "土産", "exhibit_image_url": "http://htq.minpaku.ac.jp/images/mo/H0/21/01/H0210115-0001-ima03-0.jpg", "kaisetsu": "記載内容は複製のもとになった資料に関するものである観光土産用焼き物観光土産用焼き物。"}, {"place_name": "甲南チケットサンキタ店", "lat": 34.6937782, "lng": 135.1930121, "review": "この辺のチケット屋の中でも神戸近郊の交通機関のチケットがほとんどあるのはここぐらいではないだろうか?ポートライナー、地下鉄、バス、JRなど結構いろんなもの購入した記憶があります。", "place_iword": "交通機関", "exhibit_name": "「歯医者」", "exhibit_id": "H0210115", "exhibit_iword": "土産", "exhibit_image_url": "http://htq.minpaku.ac.jp/images/mo/H0/21/01/H0210115-0001-ima03-0.jpg", "kaisetsu": "記載内容は複製のもとになった資料に関するものである観光土産用焼き物観光土産用焼き物。"}, {"place_name": "たこ庵", "lat": 34.6953662, "lng": 135.1961692, "review": "一人旅で開店直後に訪問。", "place_iword": "一人旅", "exhibit_name": "「歯医者」", "exhibit_id": "H0210115", "exhibit_iword": "土産", "exhibit_image_url": "http://htq.minpaku.ac.jp/images/mo/H0/21/01/H0210115-0001-ima03-0.jpg", "kaisetsu": "記載内容は複製のもとになった資料に関するものである観光土産用焼き物観光土産用焼き物。"}, {"place_name": "神戸凮月堂 さんちか店", "lat": 34.6924068, "lng": 135.1945982, "review": "関西圏､特に神戸市民で凮月堂のｺﾞｰﾌﾙを食べた事がない人は数少ないんじゃないかと思います。", "place_iword": "ｺﾞｰﾌﾙ", "exhibit_name": "「歯医者」", "exhibit_id": "H0210115", "exhibit_iword": "土産", "exhibit_image_url": "http://htq.minpaku.ac.jp/images/mo/H0/21/01/H0210115-0001-ima03-0.jpg", "kaisetsu": "記載内容は複製のもとになった資料に関するものである観光土産用焼き物観光土産用焼き物。"}, {"place_name": "神戸凮月堂 さんちか店", "lat": 34.6924068, "lng": 135.1945982, "review": "ゴーフルで有名な神戸では老舗の菓子店。", "place_iword": "ゴーフル", "exhibit_name": "「歯医者」", "exhibit_id": "H0210115", "exhibit_iword": "土産", "exhibit_image_url": "http://htq.minpaku.ac.jp/images/mo/H0/21/01/H0210115-0001-ima03-0.jpg", "kaisetsu": "記載内容は複製のもとになった資料に関するものである観光土産用焼き物観光土産用焼き物。"}, {"place_name": "エイヴァリーズアイリッシュパブ", "lat": 34.6933327, "lng": 135.1916075, "review": "お客さんで来ていた白人の小さい女の子がめちゃくちゃ可愛いかった。", "place_iword": "白人", "exhibit_name": "木彫「ディンゴ一家」", "exhibit_id": "H0180887", "exhibit_iword": "白人", "exhibit_image_url": "http://htq.minpaku.ac.jp/images/mo/H0/18/08/H0180887-0001-ima03-0.jpg", "kaisetsu": "人に媚びず、めったに吠えず、白人牧畜業者から迫害されてきた野生犬ディンゴを、白人社会におけるアボリジニに重ね合わせ、アーネムランドの伝統的な4色で彩色したリン・オナスの作品。"}, {"place_name": "Bar Nasty House", "lat": 34.6944075, "lng": 135.1918531, "review": "優しい黒人様が優しく話してくれますながーいね神戸できて!。", "place_iword": "黒人", "exhibit_name": "木彫「ディンゴ一家」", "exhibit_id": "H0180887", "exhibit_iword": "白人", "exhibit_image_url": "http://htq.minpaku.ac.jp/images/mo/H0/18/08/H0180887-0001-ima03-0.jpg", "kaisetsu": "人に媚びず、めったに吠えず、白人牧畜業者から迫害されてきた野生犬ディンゴを、白人社会におけるアボリジニに重ね合わせ、アーネムランドの伝統的な4色で彩色したリン・オナスの作品。"}, {"place_name": "一般社団法人 神戸日仏協会", "lat": 34.692174, "lng": 135.195823, "review": "フランス語の勉強はもちろん、フランスに関する情報やイベント、フランス人との交流など楽しい事盛りだくさんです！。", "place_iword": "フランス人", "exhibit_name": "木彫「ディンゴ一家」", "exhibit_id": "H0180887", "exhibit_iword": "白人", "exhibit_image_url": "http://htq.minpaku.ac.jp/images/mo/H0/18/08/H0180887-0001-ima03-0.jpg", "kaisetsu": "人に媚びず、めったに吠えず、白人牧畜業者から迫害されてきた野生犬ディンゴを、白人社会におけるアボリジニに重ね合わせ、アーネムランドの伝統的な4色で彩色したリン・オナスの作品。"}, {"place_name": "はまけん", "lat": 34.695902, "lng": 135.192831, "review": "スペイン人の友人といきました。", "place_iword": "スペイン人", "exhibit_name": "木彫「ディンゴ一家」", "exhibit_id": "H0180887", "exhibit_iword": "白人", "exhibit_image_url": "http://htq.minpaku.ac.jp/images/mo/H0/18/08/H0180887-0001-ima03-0.jpg", "kaisetsu": "人に媚びず、めったに吠えず、白人牧畜業者から迫害されてきた野生犬ディンゴを、白人社会におけるアボリジニに重ね合わせ、アーネムランドの伝統的な4色で彩色したリン・オナスの作品。"}, {"place_name": "Kicc", "lat": 34.6883392, "lng": 135.1997449, "review": "彼らはまた、すべての種類の情報（英語と他の言語で）を提供します。", "place_iword": "言語", "exhibit_name": "木彫「ディンゴ一家」", "exhibit_id": "H0180887", "exhibit_iword": "白人", "exhibit_image_url": "http://htq.minpaku.ac.jp/images/mo/H0/18/08/H0180887-0001-ima03-0.jpg", "kaisetsu": "人に媚びず、めったに吠えず、白人牧畜業者から迫害されてきた野生犬ディンゴを、白人社会におけるアボリジニに重ね合わせ、アーネムランドの伝統的な4色で彩色したリン・オナスの作品。"}, {"place_name": "アール ヴァレンティノ", "lat": 34.6954079, "lng": 135.1932691, "review": "私は、おおまかなイタリア人が大好きです❗駐車場は、有りません。", "place_iword": "イタリア人", "exhibit_name": "木彫「ディンゴ一家」", "exhibit_id": "H0180887", "exhibit_iword": "白人", "exhibit_image_url": "http://htq.minpaku.ac.jp/images/mo/H0/18/08/H0180887-0001-ima03-0.jpg", "kaisetsu": "人に媚びず、めったに吠えず、白人牧畜業者から迫害されてきた野生犬ディンゴを、白人社会におけるアボリジニに重ね合わせ、アーネムランドの伝統的な4色で彩色したリン・オナスの作品。"}, {"place_name": "moja", "lat": 34.6881317, "lng": 135.1869985, "review": "同時にアジアの少数民族も楽しめたのはラッキーだった。", "place_iword": "少数民族", "exhibit_name": "木彫「ディンゴ一家」", "exhibit_id": "H0180887", "exhibit_iword": "アボリジニ", "exhibit_image_url": "http://htq.minpaku.ac.jp/images/mo/H0/18/08/H0180887-0001-ima03-0.jpg", "kaisetsu": "彼は、西洋美術とアボリジニ芸術を組み合わせた都市アボリジニ芸術家である。"}, {"place_name": "ＢＡＲ崑崙", "lat": 34.6934561, "lng": 135.1911136, "review": "年に数回ですが通いだして20年。", "place_iword": "年", "exhibit_name": "木彫「ディンゴ一家」", "exhibit_id": "H0180887", "exhibit_iword": "オナス", "exhibit_image_url": "http://htq.minpaku.ac.jp/images/mo/H0/18/08/H0180887-0001-ima03-0.jpg", "kaisetsu": "人に媚びず、めったに吠えず、白人牧畜業者から迫害されてきた野生犬ディンゴを、白人社会におけるアボリジニに重ね合わせ、アーネムランドの伝統的な4色で彩色したリン・オナスの作品。"}, {"place_name": "ＲＥＳＨ．神戸店", "lat": 34.6891534, "lng": 135.1901355, "review": "私たちはオーストラリア出身です。", "place_iword": "オーストラリア", "exhibit_name": "木彫「ディンゴ一家」", "exhibit_id": "H0180887", "exhibit_iword": "アボリジニ", "exhibit_image_url": "http://htq.minpaku.ac.jp/images/mo/H0/18/08/H0180887-0001-ima03-0.jpg", "kaisetsu": "彼は、西洋美術とアボリジニ芸術を組み合わせた都市アボリジニ芸術家である。"}, {"place_name": "iPhone修理工房 神戸三宮店", "lat": 34.6912664, "lng": 135.190107, "review": "iPhone 7 Plus のガラス割れて、修理を頼みました。", "place_iword": "7", "exhibit_name": "木彫「ディンゴ一家」", "exhibit_id": "H0180887", "exhibit_iword": "オナス", "exhibit_image_url": "http://htq.minpaku.ac.jp/images/mo/H0/18/08/H0180887-0001-ima03-0.jpg", "kaisetsu": "人に媚びず、めったに吠えず、白人牧畜業者から迫害されてきた野生犬ディンゴを、白人社会におけるアボリジニに重ね合わせ、アーネムランドの伝統的な4色で彩色したリン・オナスの作品。"}, {"place_name": "神戸別院", "lat": 34.6855462, "lng": 135.1829024, "review": "海外仏教国の王様、元首が良く来てる。", "place_iword": "王様", "exhibit_name": "「首長たちの行列」", "exhibit_id": "H0205126", "exhibit_iword": "王様", "exhibit_image_url": "http://htq.minpaku.ac.jp/images/mo/H0/20/51/H0205126-studio-00-01-org.jpg", "kaisetsu": "じっと見ていると、王様を敬愛する民衆の熱気が伝わってくる。"}, {"place_name": "旭化成ホームズ株式会社 兵庫東支店 営業課", "lat": 34.69086790000001, "lng": 135.1944242, "review": "スター営業マン在籍\n\n真面目にお客様目線を貫く\n\n圧倒的情報力\n\nレスポンスの速さ\n\n提案バリエーションの緻密さ\n\n出口を考えた入口\n\nあまり出逢えない人材\n\n褒めまくりですが身内でもないです。", "place_iword": "スター", "exhibit_name": "「首長たちの行列」", "exhibit_id": "H0205126", "exhibit_iword": "グローヴァー", "exhibit_image_url": "http://htq.minpaku.ac.jp/images/mo/H0/20/51/H0205126-studio-00-01-org.jpg", "kaisetsu": "グローヴァーは、市場やお祭り、デモ行進、あるいはイスラム教のモスクといった、人が大勢集まる場所やシーンを好んで描くことで知られている。"}, {"place_name": "フリースピリッツ", "lat": 34.687837, "lng": 135.184174, "review": "\n財布、キーケース愛用中です。", "place_iword": "キー", "exhibit_name": "「首長たちの行列」", "exhibit_id": "H0205126", "exhibit_iword": "グローヴァー", "exhibit_image_url": "http://htq.minpaku.ac.jp/images/mo/H0/20/51/H0205126-studio-00-01-org.jpg", "kaisetsu": "グローヴァーは、市場やお祭り、デモ行進、あるいはイスラム教のモスクといった、人が大勢集まる場所やシーンを好んで描くことで知られている。"}, {"place_name": "アニソンカラオケバーせぶん", "lat": 34.6957672, "lng": 135.1915168, "review": "評価の低い方の意見を否定するつもりはありませんが、そもそもカラオケアニソンバーなので、他の客が歌う曲にコールを入れて楽しんだり、同じアニメを好きな人と語らったり、そういうことが苦手な方にはお勧めできないお店です。", "place_iword": "コール", "exhibit_name": "「首長たちの行列」", "exhibit_id": "H0205126", "exhibit_iword": "グローヴァー", "exhibit_image_url": "http://htq.minpaku.ac.jp/images/mo/H0/20/51/H0205126-studio-00-01-org.jpg", "kaisetsu": "グローヴァーは、市場やお祭り、デモ行進、あるいはイスラム教のモスクといった、人が大勢集まる場所やシーンを好んで描くことで知られている。"}, {"place_name": "パブテレサ", "lat": 34.69412999999999, "lng": 135.191398, "review": "多国籍の女の子とショーが、楽しめますよ。", "place_iword": "ショー", "exhibit_name": "「首長たちの行列」", "exhibit_id": "H0205126", "exhibit_iword": "グローヴァー", "exhibit_image_url": "http://htq.minpaku.ac.jp/images/mo/H0/20/51/H0205126-studio-00-01-org.jpg", "kaisetsu": "グローヴァーは、市場やお祭り、デモ行進、あるいはイスラム教のモスクといった、人が大勢集まる場所やシーンを好んで描くことで知られている。"}, {"place_name": "ウェッセルトン", "lat": 34.69368800000001, "lng": 135.191645, "review": "このお店なら、デザインを決めてイエローゴールドで作って、自宅に送ってもらうことができるのでサービス満点です。", "place_iword": "ゴールド", "exhibit_name": "「首長たちの行列」", "exhibit_id": "H0205126", "exhibit_iword": "グローヴァー", "exhibit_image_url": "http://htq.minpaku.ac.jp/images/mo/H0/20/51/H0205126-studio-00-01-org.jpg", "kaisetsu": "グローヴァーは、市場やお祭り、デモ行進、あるいはイスラム教のモスクといった、人が大勢集まる場所やシーンを好んで描くことで知られている。"}, {"place_name": "Ai Monasteri -アイモナステリ 修道院にて-", "lat": 34.69136390000001, "lng": 135.1886464, "review": "固形石鹸とボディオイルを愛用、ローズのリキュールを愛飲しています。", "place_iword": "ローズ", "exhibit_name": "「首長たちの行列」", "exhibit_id": "H0205126", "exhibit_iword": "グローヴァー", "exhibit_image_url": "http://htq.minpaku.ac.jp/images/mo/H0/20/51/H0205126-studio-00-01-org.jpg", "kaisetsu": "グローヴァーは、市場やお祭り、デモ行進、あるいはイスラム教のモスクといった、人が大勢集まる場所やシーンを好んで描くことで知られている。"}, {"place_name": "インディアンジュエリー SILVER501 元町店", "lat": 34.688969, "lng": 135.1857305, "review": "\nバックルと時計をカスタマイズできるので、オンリーワンのストーン入りウォッチがゲット出来て嬉しい♡。", "place_iword": "ストーン", "exhibit_name": "「首長たちの行列」", "exhibit_id": "H0205126", "exhibit_iword": "グローヴァー", "exhibit_image_url": "http://htq.minpaku.ac.jp/images/mo/H0/20/51/H0205126-studio-00-01-org.jpg", "kaisetsu": "グローヴァーは、市場やお祭り、デモ行進、あるいはイスラム教のモスクといった、人が大勢集まる場所やシーンを好んで描くことで知られている。"}, {"place_name": "コベリン 神戸市役所前", "lat": 34.6899008, "lng": 135.1957846, "review": "14ポート。", "place_iword": "ポート", "exhibit_name": "「首長たちの行列」", "exhibit_id": "H0205126", "exhibit_iword": "グローヴァー", "exhibit_image_url": "http://htq.minpaku.ac.jp/images/mo/H0/20/51/H0205126-studio-00-01-org.jpg", "kaisetsu": "グローヴァーは、市場やお祭り、デモ行進、あるいはイスラム教のモスクといった、人が大勢集まる場所やシーンを好んで描くことで知られている。"}, {"place_name": "ミスターＰ神戸旧居留地 駐車場", "lat": 34.687533, "lng": 135.192342, "review": "ミラーを折り畳み、切り返しをしてやっと通過できました。", "place_iword": "ミラー", "exhibit_name": "「首長たちの行列」", "exhibit_id": "H0205126", "exhibit_iword": "グローヴァー", "exhibit_image_url": "http://htq.minpaku.ac.jp/images/mo/H0/20/51/H0205126-studio-00-01-org.jpg", "kaisetsu": "グローヴァーは、市場やお祭り、デモ行進、あるいはイスラム教のモスクといった、人が大勢集まる場所やシーンを好んで描くことで知られている。"}, {"place_name": "ベルコセレモニーホール三宮", "lat": 34.696266, "lng": 135.197186, "review": "故人も大切にされていた。", "place_iword": "故人", "exhibit_name": "柱上棺（ちゅうじょうかん）", "exhibit_id": "H0168176", "exhibit_iword": "死者", "exhibit_image_url": "", "kaisetsu": "棺の彫刻は死者の高い身分をあらわしている。"}, {"place_name": "ミズ倶楽部センター", "lat": 34.6879063, "lng": 135.187801, "review": "メガネ掛けたお姉さんスタッフは愛想は良い⁉️メガネ掛けたお姉さんあのね、もうちょっとお土産の袋の予備付けて欲しい‼️県外から来てるので🎵。", "place_iword": "予備", "exhibit_name": "柱上棺（ちゅうじょうかん）", "exhibit_id": "H0168176", "exhibit_iword": "身分", "exhibit_image_url": "", "kaisetsu": "棺の彫刻は死者の高い身分をあらわしている。"}, {"place_name": "TRESOR 神戸本店", "lat": 34.69166819999999, "lng": 135.188148, "review": "個性が強いデザインという訳ではなく、シンプルなのに凝っているものがある印象でした。", "place_iword": "個性", "exhibit_name": "柱上棺（ちゅうじょうかん）", "exhibit_id": "H0168176", "exhibit_iword": "身分", "exhibit_image_url": "", "kaisetsu": "棺の彫刻は死者の高い身分をあらわしている。"}, {"place_name": "SUN", "lat": 34.6915452, "lng": 135.190005, "review": "個性的で素晴らしいお店。", "place_iword": "個性的", "exhibit_name": "柱上棺（ちゅうじょうかん）", "exhibit_id": "H0168176", "exhibit_iword": "身分", "exhibit_image_url": "", "kaisetsu": "棺の彫刻は死者の高い身分をあらわしている。"}, {"place_name": "あんしんクリニック", "lat": 34.69628399999999, "lng": 135.197713, "review": "\n\n健康な膝で歩けるという事は本当に宝なので、治していただけた事に感謝しかありません。", "place_iword": "宝", "exhibit_name": "柱上棺（ちゅうじょうかん）", "exhibit_id": "H0168176", "exhibit_iword": "身分", "exhibit_image_url": "", "kaisetsu": "棺の彫刻は死者の高い身分をあらわしている。"}, {"place_name": "鍼灸整体院ひわたし", "lat": 34.6968418, "lng": 135.1933434, "review": "…儲け主義ではないってこと！\nとにかく施術は1時間で、先生が優しいです。", "place_iword": "主義", "exhibit_name": "柱上棺（ちゅうじょうかん）", "exhibit_id": "H0168176", "exhibit_iword": "死者", "exhibit_image_url": "", "kaisetsu": "棺の彫刻は死者の高い身分をあらわしている。"}, {"place_name": "幡多バル 三宮元町店", "lat": 34.68966259999999, "lng": 135.1904582, "review": "\n会員制度があり、メンバーになると、少し安くなります。", "place_iword": "制度", "exhibit_name": "柱上棺（ちゅうじょうかん）", "exhibit_id": "H0168176", "exhibit_iword": "身分", "exhibit_image_url": "", "kaisetsu": "棺の彫刻は死者の高い身分をあらわしている。"}, {"place_name": "タチノミ・キッチンさにい 三宮店", "lat": 34.694154, "lng": 135.193281, "review": "店長の女性の性格が悪い。", "place_iword": "性格", "exhibit_name": "柱上棺（ちゅうじょうかん）", "exhibit_id": "H0168176", "exhibit_iword": "身分", "exhibit_image_url": "", "kaisetsu": "棺の彫刻は死者の高い身分をあらわしている。"}, {"place_name": "ウェディングサロンイノウエ 元町本店", "lat": 34.688837, "lng": 135.188734, "review": "\nドレス自体も常時沢山あり、目移りしてしまうほどでしたが、妻の話を聞きながらスタッフの方がベストな一着を選んで下さったと思います(^^)\n親族の貸衣装もまとめてお願いしましたが、柔軟に日程の調整などして頂きとても助かりました！\n新郎側の衣装はドレスに比べるともちろん少ないですが、それでも十分過ぎるほどありました。", "place_iword": "親族", "exhibit_name": "柱上棺（ちゅうじょうかん）", "exhibit_id": "H0168176", "exhibit_iword": "身分", "exhibit_image_url": "", "kaisetsu": "棺の彫刻は死者の高い身分をあらわしている。"}, {"place_name": "ｙｏｇａ ｉ.ｕｍ（ヨガアイアム）", "lat": 34.6916261, "lng": 135.1886812, "review": "体も生き方も変わるヨガスタジオです。", "place_iword": "生き方", "exhibit_name": "柱上棺（ちゅうじょうかん）", "exhibit_id": "H0168176", "exhibit_iword": "死者", "exhibit_image_url": "", "kaisetsu": "棺の彫刻は死者の高い身分をあらわしている。"}, {"place_name": "包丁塚", "lat": 34.6951083, "lng": 135.1908448, "review": "何が書かれているのか私にはわかりませんが、私はそれが神殿の中でその場所を持っていることを知っています。", "place_iword": "神殿", "exhibit_name": "箱型祭壇（イースターなど）", "exhibit_id": "H0210253", "exhibit_iword": "祭壇", "exhibit_image_url": "http://htq.minpaku.ac.jp/images/mo/H0/21/02/H0210253-0003-PCD-1.jpg", "kaisetsu": "作者ヘスス・ウルバーノ氏は、現代の箱型祭壇制作の第一人者です。"}, {"place_name": "神戸バイブルフェローシップ", "lat": 34.6942109, "lng": 135.1890653, "review": "私たちは友達の結婚式のためにこの教会に行きました。", "place_iword": "教会", "exhibit_name": "箱型祭壇（イースターなど）", "exhibit_id": "H0210253", "exhibit_iword": "祭壇", "exhibit_image_url": "http://htq.minpaku.ac.jp/images/mo/H0/21/02/H0210253-0003-PCD-1.jpg", "kaisetsu": "作者ヘスス・ウルバーノ氏は、現代の箱型祭壇制作の第一人者です。"}, {"place_name": "生田神社会館", "lat": 34.694455, "lng": 135.190396, "review": "池のほとりは床几と赤い傘があり、写真を撮るのに最適。", "place_iword": "床几", "exhibit_name": "箱型祭壇（イースターなど）", "exhibit_id": "H0210253", "exhibit_iword": "祭壇", "exhibit_image_url": "http://htq.minpaku.ac.jp/images/mo/H0/21/02/H0210253-0003-PCD-1.jpg", "kaisetsu": "作者ヘスス・ウルバーノ氏は、現代の箱型祭壇制作の第一人者です。"}, {"place_name": "兵庫県公館", "lat": 34.690817, "lng": 135.1846921, "review": "回廊式で中庭があり、壮麗さを感じます。", "place_iword": "回廊", "exhibit_name": "箱型祭壇（イースターなど）", "exhibit_id": "H0210253", "exhibit_iword": "祭壇", "exhibit_image_url": "http://htq.minpaku.ac.jp/images/mo/H0/21/02/H0210253-0003-PCD-1.jpg", "kaisetsu": "作者ヘスス・ウルバーノ氏は、現代の箱型祭壇制作の第一人者です。"}, {"place_name": "神戸らんぷミュージアム", "lat": 34.6885025, "lng": 135.194058, "review": "\nたいまつとかは個人的には要らんかなと。", "place_iword": "たいまつ", "exhibit_name": "箱型祭壇（イースターなど）", "exhibit_id": "H0210253", "exhibit_iword": "祭壇", "exhibit_image_url": "http://htq.minpaku.ac.jp/images/mo/H0/21/02/H0210253-0003-PCD-1.jpg", "kaisetsu": "作者ヘスス・ウルバーノ氏は、現代の箱型祭壇制作の第一人者です。"}, {"place_name": "神戸肉匠 コトブキ", "lat": 34.689354, "lng": 135.188851, "review": "\n\nオーダーする時には\n席にある\n予備鈴を鳴らすと\nすぐ来てくれます。", "place_iword": "鈴", "exhibit_name": "箱型祭壇（イースターなど）", "exhibit_id": "H0210253", "exhibit_iword": "祭壇", "exhibit_image_url": "http://htq.minpaku.ac.jp/images/mo/H0/21/02/H0210253-0003-PCD-1.jpg", "kaisetsu": "作者ヘスス・ウルバーノ氏は、現代の箱型祭壇制作の第一人者です。"}, {"place_name": "生田神社", "lat": 34.6948279, "lng": 135.1906908, "review": "\nおみくじはこの神社独自のデザインで、水みくじもある。", "place_iword": "みくじ", "exhibit_name": "箱型祭壇（イースターなど）", "exhibit_id": "H0210253", "exhibit_iword": "祭壇", "exhibit_image_url": "http://htq.minpaku.ac.jp/images/mo/H0/21/02/H0210253-0003-PCD-1.jpg", "kaisetsu": "作者ヘスス・ウルバーノ氏は、現代の箱型祭壇制作の第一人者です。"}, {"place_name": "生田神社", "lat": 34.6948279, "lng": 135.1906908, "review": "\nおみくじはこの神社独自のデザインで、水みくじもある。", "place_iword": "おみくじ", "exhibit_name": "箱型祭壇（イースターなど）", "exhibit_id": "H0210253", "exhibit_iword": "祭壇", "exhibit_image_url": "http://htq.minpaku.ac.jp/images/mo/H0/21/02/H0210253-0003-PCD-1.jpg", "kaisetsu": "作者ヘスス・ウルバーノ氏は、現代の箱型祭壇制作の第一人者です。"}, {"place_name": "東急ハンズ三宮店", "lat": 34.6935861, "lng": 135.1908254, "review": "いよいよ、撤退、閉店する事が決定しました、開店当初は非常に珍しい品物や専門的な商品も有り、賑わってました❗️今では人通りが有るのは１階ぐらい、\n色々なアイテムが有るが、帯に短したすきに長し‼️って感じですね～、\n定価販売❗️余程 急いで必要で無い限り、今時はネットで買う人々が多いでしょうね❗️\n今はインバウンドの方々の御用達かな？\n少し営業方針を考える時期に来てると思う、姫路、名古屋、の店舗、もそろそろ閉店でしょうね。", "place_iword": "たすき", "exhibit_name": "箱型祭壇（イースターなど）", "exhibit_id": "H0210253", "exhibit_iword": "祭壇", "exhibit_image_url": "http://htq.minpaku.ac.jp/images/mo/H0/21/02/H0210253-0003-PCD-1.jpg", "kaisetsu": "作者ヘスス・ウルバーノ氏は、現代の箱型祭壇制作の第一人者です。"}, {"place_name": "moja", "lat": 34.6881317, "lng": 135.1869985, "review": "同時にアジアの少数民族も楽しめたのはラッキーだった。", "place_iword": "少数民族", "exhibit_name": "箱型祭壇（イースターなど）", "exhibit_id": "H0210253", "exhibit_iword": "イヌイット", "exhibit_image_url": "http://htq.minpaku.ac.jp/images/mo/H0/21/02/H0210253-0003-PCD-1.jpg", "kaisetsu": "滑石彫刻は1949年にイヌイット社会に導入され、おみやげ品として制作がはじまったが、その後、経済的にも文化的にもイヌイット社会にとっては重要なものとなった。"}, {"place_name": "うな基 北野坂店", "lat": 34.6951664, "lng": 135.1928414, "review": "夕方４時頃に、伺ったのですが5時からと言うことでお買い物やお茶をして時間を潰してから又伺いましたとても気持ちのよい対応でバスに乗るので匂いが気になるなで袋は2重にしてとお願いしても気持ちよく受けて頂けました\nとても美味しく、三宮に行く予定のある時は、又購入しようと思います\nお値段も手ごろで、味も良く本当にお薦めです。", "place_iword": "受けて", "exhibit_name": "「陽気な墓」", "exhibit_id": "H0211878", "exhibit_iword": "受けて", "exhibit_image_url": "http://htq.minpaku.ac.jp/images/mo/H0/21/18/H0211878-0002-PCD-1.jpg", "kaisetsu": "村人が亡くなると、注文を受けて製作される。"}, {"place_name": "ABCクッキング 神戸国際会館スタジオ", "lat": 34.6919543, "lng": 135.1957581, "review": "\n利益を求めるばかりで不利益な話をすると態度が急変した。", "place_iword": "利益", "exhibit_name": "「陽気な墓」", "exhibit_id": "H0211878", "exhibit_iword": "受けて", "exhibit_image_url": "http://htq.minpaku.ac.jp/images/mo/H0/21/18/H0211878-0002-PCD-1.jpg", "kaisetsu": "村人が亡くなると、注文を受けて製作される。"}, {"place_name": "鍼灸整体院ひわたし", "lat": 34.6968418, "lng": 135.1933434, "review": "…儲け主義ではないってこと！\nとにかく施術は1時間で、先生が優しいです。", "place_iword": "儲け", "exhibit_name": "「陽気な墓」", "exhibit_id": "H0211878", "exhibit_iword": "受けて", "exhibit_image_url": "http://htq.minpaku.ac.jp/images/mo/H0/21/18/H0211878-0002-PCD-1.jpg", "kaisetsu": "村人が亡くなると、注文を受けて製作される。"}, {"place_name": "PRIMA SPA", "lat": 34.687546, "lng": 135.183838, "review": "でも押し売りとかそのような雰囲気は全くなくて、営利のことしか考えていないサロンとは全然違います！本当にオススメです。", "place_iword": "営利", "exhibit_name": "「陽気な墓」", "exhibit_id": "H0211878", "exhibit_iword": "受けて", "exhibit_image_url": "http://htq.minpaku.ac.jp/images/mo/H0/21/18/H0211878-0002-PCD-1.jpg", "kaisetsu": "村人が亡くなると、注文を受けて製作される。"}, {"place_name": "（有）建隆マネジメント", "lat": 34.6864149, "lng": 135.1914738, "review": "聞いたところによれば、法規倫理には厳格な人らしい。", "place_iword": "法規", "exhibit_name": "「陽気な墓」", "exhibit_id": "H0211878", "exhibit_iword": "受けて", "exhibit_image_url": "http://htq.minpaku.ac.jp/images/mo/H0/21/18/H0211878-0002-PCD-1.jpg", "kaisetsu": "村人が亡くなると、注文を受けて製作される。"}, {"place_name": "神戸東労働基準監督署", "lat": 34.6866328, "lng": 135.1947595, "review": "相談に行きましたが、あ〜よくあること（求人詐欺）なんですよね〜法的措置をとられるならこちらをどうぞとパンフレットを渡されただけでした。", "place_iword": "法的措置", "exhibit_name": "「陽気な墓」", "exhibit_id": "H0211878", "exhibit_iword": "受けて", "exhibit_image_url": "http://htq.minpaku.ac.jp/images/mo/H0/21/18/H0211878-0002-PCD-1.jpg", "kaisetsu": "村人が亡くなると、注文を受けて製作される。"}, {"place_name": "Mac", "lat": 34.6914477, "lng": 135.1928243, "review": "\n\n何度か行ってますが、お客さんが居てもスタッフ同士でぺちゃくちゃ喋ってるし、サイズ大丈夫って言った責任は無いんですかね？。", "place_iword": "責任", "exhibit_name": "「陽気な墓」", "exhibit_id": "H0211878", "exhibit_iword": "受けて", "exhibit_image_url": "http://htq.minpaku.ac.jp/images/mo/H0/21/18/H0211878-0002-PCD-1.jpg", "kaisetsu": "村人が亡くなると、注文を受けて製作される。"}, {"place_name": "（一社）兵庫県警備業協会", "lat": 34.693113, "lng": 135.197636, "review": "警備業者になろうとしている個人、法人は、ここに先ず相談。", "place_iword": "法人", "exhibit_name": "「陽気な墓」", "exhibit_id": "H0211878", "exhibit_iword": "受けて", "exhibit_image_url": "http://htq.minpaku.ac.jp/images/mo/H0/21/18/H0211878-0002-PCD-1.jpg", "kaisetsu": "村人が亡くなると、注文を受けて製作される。"}, {"place_name": "神戸着物リメイク・ファッションオフィス エイ", "lat": 34.6924967, "lng": 135.2007357, "review": "\n喪だけではなく普段使いもしたいと思いプロのデザイナーの方に素人の私がとやかく注文するのはどうかと思いましたが、エイさんはとても気さくに親身になって私に似合うよう、普段使いのできるよう、オリジナルのデザインを考えてくださいました。", "place_iword": "喪", "exhibit_name": "「陽気な墓」", "exhibit_id": "H0211878", "exhibit_iword": "墓", "exhibit_image_url": "http://htq.minpaku.ac.jp/images/mo/H0/21/18/H0211878-0002-PCD-1.jpg", "kaisetsu": "ルーマニアのサプンツァ村の墓地には、この「陽気な墓」が林立している。"}, {"place_name": "トピック靴店", "lat": 34.691502, "lng": 135.192953, "review": "\n値段帯もそこまで高くなく、\n革靴の種類も多く年配の方はしっかり責任感があり、暖かみがあります。", "place_iword": "責任感", "exhibit_name": "「陽気な墓」", "exhibit_id": "H0211878", "exhibit_iword": "受けて", "exhibit_image_url": "http://htq.minpaku.ac.jp/images/mo/H0/21/18/H0211878-0002-PCD-1.jpg", "kaisetsu": "村人が亡くなると、注文を受けて製作される。"}, {"place_name": "BAR SHIELD.", "lat": 34.69534699999999, "lng": 135.192126, "review": "\n私を含め、神戸の夜を騒がすヴィランが集う素敵なバーです。", "place_iword": "ヴィラン", "exhibit_name": "祭壇「パチャママの門」", "exhibit_id": "H0210691", "exhibit_iword": "地母神", "exhibit_image_url": "http://htq.minpaku.ac.jp/images/mo/H0/21/06/H0210691-0002-PCD-0.jpg", "kaisetsu": "パチャママは聖母マリアと見なされるアンデスの地母神装飾品装飾品聖母マリアと見なされるアンデスの地母神パチャママがまつられている祭壇。"}, {"place_name": "quatrelapin", "lat": 34.6960448, "lng": 135.198485, "review": "お肉の焼かげんはレアーで、柔らかく180gを食べました。", "place_iword": "レアー", "exhibit_name": "祭壇「パチャママの門」", "exhibit_id": "H0210691", "exhibit_iword": "パチャママ", "exhibit_image_url": "http://htq.minpaku.ac.jp/images/mo/H0/21/06/H0210691-0002-PCD-0.jpg", "kaisetsu": "扉を開けると、先住民に信仰されている大地の女神パチャママが両手にさまざまな作物を受けている姿が表され、大地の恵みを示しています。"}, {"place_name": "にわせ整骨院", "lat": 34.6867633, "lng": 135.1842854, "review": "\nここの先生は魔法使いです（笑）。", "place_iword": "魔法使い", "exhibit_name": "祭壇「パチャママの門」", "exhibit_id": "H0210691", "exhibit_iword": "地母神", "exhibit_image_url": "http://htq.minpaku.ac.jp/images/mo/H0/21/06/H0210691-0002-PCD-0.jpg", "kaisetsu": "パチャママは聖母マリアと見なされるアンデスの地母神装飾品装飾品聖母マリアと見なされるアンデスの地母神パチャママがまつられている祭壇。"}, {"place_name": "とけいや", "lat": 34.6958915, "lng": 135.1929092, "review": "老舗らしい門構え、入ると下足番のような方がいらっしゃって丁寧にご案内してくださいます\n\n今回はすき焼きをお願いしました\n神戸牛ではないですが、十分に美味しいです\n一枚目はお店の方が作ってくれます\n黄身がぷっくりと濃い色の、いかにも美味しそうな卵にくぐらせていただきます\n甘すぎない、出汁の味と卵、お肉の柔らかさが口のなかでとけてゆくくらい美味しかったです\n\nまた是非行きたいです。", "place_iword": "一枚目", "exhibit_name": "祭壇「パチャママの門」", "exhibit_id": "H0210691", "exhibit_iword": "地母神", "exhibit_image_url": "http://htq.minpaku.ac.jp/images/mo/H0/21/06/H0210691-0002-PCD-0.jpg", "kaisetsu": "パチャママは聖母マリアと見なされるアンデスの地母神装飾品装飾品聖母マリアと見なされるアンデスの地母神パチャママがまつられている祭壇。"}, {"place_name": "高砂ビル", "lat": 34.68888339999999, "lng": 135.1945525, "review": "\n監督自ら演じる主人公「大友」の組事務所として使われました。", "place_iword": "主人公", "exhibit_name": "祭壇「パチャママの門」", "exhibit_id": "H0210691", "exhibit_iword": "地母神", "exhibit_image_url": "http://htq.minpaku.ac.jp/images/mo/H0/21/06/H0210691-0002-PCD-0.jpg", "kaisetsu": "パチャママは聖母マリアと見なされるアンデスの地母神装飾品装飾品聖母マリアと見なされるアンデスの地母神パチャママがまつられている祭壇。"}, {"place_name": "nail&eyelash JUNX神戸三宮店", "lat": 34.6931659, "lng": 135.1890316, "review": "\n仕事柄、ハンドネイルはできないので\nキャラクター系から、キレイ系、シック、モダン、ナチュラル、動物、派手派手まで、沢山のジャンルの施術をされているJUNXスタッフさん全員のインスタを毎日見て楽しんでいます！。", "place_iword": "キャラクター", "exhibit_name": "祭壇「パチャママの門」", "exhibit_id": "H0210691", "exhibit_iword": "地母神", "exhibit_image_url": "http://htq.minpaku.ac.jp/images/mo/H0/21/06/H0210691-0002-PCD-0.jpg", "kaisetsu": "パチャママは聖母マリアと見なされるアンデスの地母神装飾品装飾品聖母マリアと見なされるアンデスの地母神パチャママがまつられている祭壇。"}, {"place_name": "香港甜品店 甜蜜蜜", "lat": 34.6893468, "lng": 135.1904446, "review": "持ってきますと追い返され\nﾀﾌﾞﾚｯﾄいじっていてこちらのことは無視で一人客は見下しているのか？ｷｬﾗT着たﾃﾞﾌﾞ店員。", "place_iword": "ﾃﾞﾌﾞ", "exhibit_name": "祭壇「パチャママの門」", "exhibit_id": "H0210691", "exhibit_iword": "地母神", "exhibit_image_url": "http://htq.minpaku.ac.jp/images/mo/H0/21/06/H0210691-0002-PCD-0.jpg", "kaisetsu": "パチャママは聖母マリアと見なされるアンデスの地母神装飾品装飾品聖母マリアと見なされるアンデスの地母神パチャママがまつられている祭壇。"}, {"place_name": "立正佼成会 神戸教会", "lat": 34.687272, "lng": 135.198747, "review": "\n叡智の会などが企画され、一般の人達にも入りやすいです。", "place_iword": "叡智", "exhibit_name": "祭壇「パチャママの門」", "exhibit_id": "H0210691", "exhibit_iword": "パチャママ", "exhibit_image_url": "http://htq.minpaku.ac.jp/images/mo/H0/21/06/H0210691-0002-PCD-0.jpg", "kaisetsu": "扉を開けると、先住民に信仰されている大地の女神パチャママが両手にさまざまな作物を受けている姿が表され、大地の恵みを示しています。"}, {"place_name": "神戸三宮 北野坂 つる肴 (つるこう)", "lat": 34.6958995, "lng": 135.1922957, "review": "お店の入り口…ﾁｮｯﾄ判り難いのﾃﾞｽｶﾞ\n隠れ家?的な感じがしてgood\n\n温かい笑顔 でも\n元気な声で迎え入れてくれます\n\n美味しい お料理をﾁｮｯﾄづつ\n酒粕おでん必ず食べてﾈｯ‼️\n幸せ色の蘭王の卵焼きも‼️\n\nご主人のチョイス\n美味しい お酒を色々 頂き\n\n身も心も解れる解れる\nおもてなし に😍💓ﾃﾞｽ。", "place_iword": "ﾃﾞｽ", "exhibit_name": "祭壇「パチャママの門」", "exhibit_id": "H0210691", "exhibit_iword": "アンデス", "exhibit_image_url": "http://htq.minpaku.ac.jp/images/mo/H0/21/06/H0210691-0002-PCD-0.jpg", "kaisetsu": "先住民の信仰とキリスト教が融合した形態をとり、山の幸、海の幸、雪山、コンドルなどの造形表現がアンデス的宗教世界を構成している。"}, {"place_name": "ＢＡＲ崑崙", "lat": 34.6934561, "lng": 135.1911136, "review": "年に数回ですが通いだして20年。", "place_iword": "年", "exhibit_name": "祭壇「パチャママの門」", "exhibit_id": "H0210691", "exhibit_iword": "地母神", "exhibit_image_url": "http://htq.minpaku.ac.jp/images/mo/H0/21/06/H0210691-0002-PCD-0.jpg", "kaisetsu": "パチャママは聖母マリアと見なされるアンデスの地母神装飾品装飾品聖母マリアと見なされるアンデスの地母神パチャママがまつられている祭壇。"}]