[{"place_name": "プラネタリウムcafe&bar ほしぞら", "lat": 34.6943497, "lng": 135.1900712, "review": "\nかわいい小物や宇宙関連の物がほとんどカウンターにあり、プラネタリウムもカウンターが一番綺麗に見えるそうで、\n店員さんも気さくに話しかけてくれるのでとても居心地がよかったです。", "place_iword": "宇宙", "exhibit_name": "マンダラ", "exhibit_id": "H0180247", "exhibit_iword": "宇宙", "exhibit_image_url": "http://htq.minpaku.ac.jp/images/mo/H0/18/02/H0180247-0001-PCD-P.jpg", "kaisetsu": "マンダラは、「仏の宇宙」を示すもので、とくに密教系の仏教で重視されている。"}, {"place_name": "プラネタリウムcafe&bar ほしぞら", "lat": 34.6943497, "lng": 135.1900712, "review": "星座の由来や、自分の星座についてなど細かくお話してくださいました。", "place_iword": "星座", "exhibit_name": "マンダラ", "exhibit_id": "H0180247", "exhibit_iword": "宇宙", "exhibit_image_url": "http://htq.minpaku.ac.jp/images/mo/H0/18/02/H0180247-0001-PCD-P.jpg", "kaisetsu": "マンダラは、「仏の宇宙」を示すもので、とくに密教系の仏教で重視されている。"}, {"place_name": "ミヤコ", "lat": 34.6914591, "lng": 135.1922965, "review": "加古川本店の三宮店。本店は免税対応していないので、三宮店内を訪問。Astron:SBXC015 免税とフェア値引で、安く買えました。", "place_iword": "astron", "exhibit_name": "マンダラ", "exhibit_id": "H0180247", "exhibit_iword": "宇宙", "exhibit_image_url": "http://htq.minpaku.ac.jp/images/mo/H0/18/02/H0180247-0001-PCD-P.jpg", "kaisetsu": "マンダラは、「仏の宇宙」を示すもので、とくに密教系の仏教で重視されている。"}, {"place_name": "丸亀製麺さんプラザ", "lat": 34.6921803, "lng": 135.1932291, "review": "衛星管理もしっかりしていて良いと思います。", "place_iword": "衛星", "exhibit_name": "マンダラ", "exhibit_id": "H0180247", "exhibit_iword": "宇宙", "exhibit_image_url": "http://htq.minpaku.ac.jp/images/mo/H0/18/02/H0180247-0001-PCD-P.jpg", "kaisetsu": "マンダラは、「仏の宇宙」を示すもので、とくに密教系の仏教で重視されている。"}, {"place_name": "本くるくる", "lat": 34.6916748, "lng": 135.1922064, "review": "琉球そばと沖縄そば（細めんと太めん）があって、お好み次第。", "place_iword": "太", "exhibit_name": "マンダラ", "exhibit_id": "H0180247", "exhibit_iword": "宇宙", "exhibit_image_url": "http://htq.minpaku.ac.jp/images/mo/H0/18/02/H0180247-0001-PCD-P.jpg", "kaisetsu": "マンダラは、「仏の宇宙」を示すもので、とくに密教系の仏教で重視されている。"}, {"place_name": "ショウワパーク神戸元町 駐車場", "lat": 34.690133, "lng": 135.186668, "review": "\n猫の目割引料金適用？。", "place_iword": "猫の目", "exhibit_name": "マンダラ", "exhibit_id": "H0180247", "exhibit_iword": "宇宙", "exhibit_image_url": "http://htq.minpaku.ac.jp/images/mo/H0/18/02/H0180247-0001-PCD-P.jpg", "kaisetsu": "マンダラは、「仏の宇宙」を示すもので、とくに密教系の仏教で重視されている。"}, {"place_name": "ホテル ラ・スイート神戸ハーバーランド", "lat": 34.682643, "lng": 135.184085, "review": "\nスタッフの方も優しく親切で安心して過ごすことができます！\nお部屋からはキレイにポートタワーが見え夜景がキレイです！\n東南向なので朝もお日様が入って気持ちよく起きることができます。", "place_iword": "お日様", "exhibit_name": "マンダラ", "exhibit_id": "H0180247", "exhibit_iword": "宇宙", "exhibit_image_url": "http://htq.minpaku.ac.jp/images/mo/H0/18/02/H0180247-0001-PCD-P.jpg", "kaisetsu": "マンダラは、「仏の宇宙」を示すもので、とくに密教系の仏教で重視されている。"}, {"place_name": "STUDIO ARC 神戸ハーバーランド店", "lat": 34.677812, "lng": 135.1834017, "review": "家族写真の撮影で予約しました。", "place_iword": "家族写真", "exhibit_name": "マンダラ", "exhibit_id": "H0180247", "exhibit_iword": "宇宙", "exhibit_image_url": "http://htq.minpaku.ac.jp/images/mo/H0/18/02/H0180247-0001-PCD-P.jpg", "kaisetsu": "マンダラは、「仏の宇宙」を示すもので、とくに密教系の仏教で重視されている。"}, {"place_name": "atelier ROE 指輪工房", "lat": 34.691665, "lng": 135.188168, "review": "神戸元町にあるatelierROEさんで指輪を作りました💍\n不器用な私ですが、意外と簡単に思い通りの指輪を作る事ができました！。", "place_iword": "作りました", "exhibit_name": "マンダラ", "exhibit_id": "H0180247", "exhibit_iword": "宇宙", "exhibit_image_url": "http://htq.minpaku.ac.jp/images/mo/H0/18/02/H0180247-0001-PCD-P.jpg", "kaisetsu": "マンダラは、「仏の宇宙」を示すもので、とくに密教系の仏教で重視されている。"}, {"place_name": "ベレコール", "lat": 34.693828, "lng": 135.1975521, "review": "\n私は仏在でwebだけでしか授業は受けられませんが、満足しています。", "place_iword": "仏", "exhibit_name": "マンダラ", "exhibit_id": "H0180247", "exhibit_iword": "仏", "exhibit_image_url": "http://htq.minpaku.ac.jp/images/mo/H0/18/02/H0180247-0001-PCD-P.jpg", "kaisetsu": "中央には妃をともなう普賢菩薩（ふげんぼさつ）がいて、その周囲にさまざまなすがたの仏たちが並んでいる。"}, {"place_name": "ボヌール・ヴェール元町店", "lat": 34.6903717, "lng": 135.1870758, "review": "この店は株式会社育成のしようがいしやまたいつばんのすたふがいつしよにはたらいています。", "place_iword": "たいつ", "exhibit_name": "ティキ像", "exhibit_id": "H0162515", "exhibit_iword": "ティキ", "exhibit_image_url": "http://htq.minpaku.ac.jp/images/mo/H0/16/25/H0162515-studio-00-01-org.jpg", "kaisetsu": "タヒチ神話によれば、ティキは神の娘とのあいだに子をなし、その子どもたちがタヒチの人びとの祖先になったとされる。"}, {"place_name": "ＢＡＲ崑崙", "lat": 34.6934561, "lng": 135.1911136, "review": "年に数回ですが通いだして20年。", "place_iword": "年", "exhibit_name": "ティキ像", "exhibit_id": "H0162515", "exhibit_iword": "タヒチ", "exhibit_image_url": "http://htq.minpaku.ac.jp/images/mo/H0/16/25/H0162515-studio-00-01-org.jpg", "kaisetsu": "タヒチ神話によれば、ティキは神の娘とのあいだに子をなし、その子どもたちがタヒチの人びとの祖先になったとされる。"}, {"place_name": "戸隠神社", "lat": 34.6950386, "lng": 135.1902323, "review": "天岩戸神話の神様を祀る、此れより北側は 生田の森です。", "place_iword": "神話", "exhibit_name": "ティキ像", "exhibit_id": "H0162515", "exhibit_iword": "ポリネシア神話", "exhibit_image_url": "http://htq.minpaku.ac.jp/images/mo/H0/16/25/H0162515-studio-00-01-org.jpg", "kaisetsu": "ティキはポリネシア神話に登場するこの世で最初の人間である。"}, {"place_name": "ファミリーマート 兵庫県警察本部店", "lat": 34.69007359999999, "lng": 135.1837912, "review": "外部の人は利用できないようです。", "place_iword": "外部", "exhibit_name": "ティキ像", "exhibit_id": "H0162515", "exhibit_iword": "ティキ", "exhibit_image_url": "http://htq.minpaku.ac.jp/images/mo/H0/16/25/H0162515-studio-00-01-org.jpg", "kaisetsu": "タヒチ神話によれば、ティキは神の娘とのあいだに子をなし、その子どもたちがタヒチの人びとの祖先になったとされる。"}, {"place_name": "志保", "lat": 34.695552, "lng": 135.197266, "review": "女将さんが優しくて、本当に日本の家庭料理ですね。", "place_iword": "日本", "exhibit_name": "ティキ像", "exhibit_id": "H0162515", "exhibit_iword": "タヒチ", "exhibit_image_url": "http://htq.minpaku.ac.jp/images/mo/H0/16/25/H0162515-studio-00-01-org.jpg", "kaisetsu": "タヒチ神話によれば、ティキは神の娘とのあいだに子をなし、その子どもたちがタヒチの人びとの祖先になったとされる。"}, {"place_name": "お肉の専門店スギモト", "lat": 34.6885534, "lng": 135.1900352, "review": "金土日特別メニューの神戸牛すき鍋定食おすすめ！\n\n1620円也。", "place_iword": "日", "exhibit_name": "ティキ像", "exhibit_id": "H0162515", "exhibit_iword": "タヒチ", "exhibit_image_url": "http://htq.minpaku.ac.jp/images/mo/H0/16/25/H0162515-studio-00-01-org.jpg", "kaisetsu": "タヒチ神話によれば、ティキは神の娘とのあいだに子をなし、その子どもたちがタヒチの人びとの祖先になったとされる。"}, {"place_name": "テイクアウトキッチンまかないや", "lat": 34.69130159999999, "lng": 135.1896676, "review": "マツコの知らない天津飯の世界で紹介されたとこ。", "place_iword": "世界", "exhibit_name": "ティキ像", "exhibit_id": "H0162515", "exhibit_iword": "ティキ", "exhibit_image_url": "http://htq.minpaku.ac.jp/images/mo/H0/16/25/H0162515-studio-00-01-org.jpg", "kaisetsu": "タヒチ神話によれば、ティキは神の娘とのあいだに子をなし、その子どもたちがタヒチの人びとの祖先になったとされる。"}, {"place_name": "iPhone修理工房 神戸三宮店", "lat": 34.6912664, "lng": 135.190107, "review": "iPhone 7 Plus のガラス割れて、修理を頼みました。", "place_iword": "7", "exhibit_name": "ティキ像", "exhibit_id": "H0162515", "exhibit_iword": "タヒチ", "exhibit_image_url": "http://htq.minpaku.ac.jp/images/mo/H0/16/25/H0162515-studio-00-01-org.jpg", "kaisetsu": "タヒチ神話によれば、ティキは神の娘とのあいだに子をなし、その子どもたちがタヒチの人びとの祖先になったとされる。"}, {"place_name": "ローズブーケ", "lat": 34.69422430000001, "lng": 135.1895408, "review": "\n佇まい・物腰ともに素晴らしい、あ、これは店舗だけじゃなく人物も。", "place_iword": "人物", "exhibit_name": "ティキ像", "exhibit_id": "H0162515", "exhibit_iword": "ティキ", "exhibit_image_url": "http://htq.minpaku.ac.jp/images/mo/H0/16/25/H0162515-studio-00-01-org.jpg", "kaisetsu": "タヒチ神話によれば、ティキは神の娘とのあいだに子をなし、その子どもたちがタヒチの人びとの祖先になったとされる。"}, {"place_name": "焼鳥とりひろ 神戸三宮サンキタ通り店", "lat": 34.693665, "lng": 135.1927506, "review": "中ジョッキが190円、アジフライ98円とお安い(｀_´メ)ニューあり。", "place_iword": "ニュー", "exhibit_name": "ティキ像", "exhibit_id": "H0162515", "exhibit_iword": "タヒチ", "exhibit_image_url": "http://htq.minpaku.ac.jp/images/mo/H0/16/25/H0162515-studio-00-01-org.jpg", "kaisetsu": "タヒチ神話によれば、ティキは神の娘とのあいだに子をなし、その子どもたちがタヒチの人びとの祖先になったとされる。"}, {"place_name": "トアロードクリニック", "lat": 34.6934659, "lng": 135.188801, "review": "先日、受診した際に、わからないことがあったので一言質問したら、ものすごい剣幕で「こんなひどい状態になっているんだから、親がやってることは全部間違い！俺が正しい。アトピーは世界でここしか治せない。他のところに行ったら子供は絶対に治らなくなる！かわいそうに！！」的な暴言を吐かれて、さすがにコチラも腹が立ったので通わず、こことは別の皮膚科（専門医登録されていて実績の豊富な医者を調べました）に通ったのですが、2ヶ月だけステロイドを使ってそれ以降は軟膏のみ、半年ほどで綺麗に治りました。いま思えば、ほとんど診察もせず、絶対に治らないと断言できる根拠が分からないです。治してくれたクリニックでは「基本的に幼児アトピーは１歳になるころには殆どがきれいになる」とのことでした。良い評価をされている方もおられますが、その方にとってはここで治ったというのは事実なんだろうなと思います。アトピーといっても色んなケースがあるかと思いますが、ここでは全部がこのクリニックで処方する漢方薬でしか治らないように宣伝されているのかなと感じました。あまりにも診察で掛けられた言葉が辛くてトラウマになったので、どういう経歴の先生かと拝見したら、ホームページに下記の記載がありましたが、小児科や皮膚科への専門医としての登録や勤務のご経験は見あたりませんでした。関連する論文も検索しても見つからず。2年ほど放射線科に勤務後、漢方と中国鍼灸をハワイで学ばれて、1年ほど内科の経験を経て開業されたようです。暴言を吐かれて悔しかったし不安でどうしようもなかったですが、「他では絶対に治らない！」という根拠のない言葉に負けずに勇気をもって別の皮膚科専門医を選択した自分を褒めてあげたいです。\n1991年\t川崎医科大学卒業\n1991年\t川崎医科大学付属病院放射線科勤務\n1993年\tアメリカ ハワイ州 Oriental Medicai institute Of Hawaii に留学。\n漢方、中国鍼灸を学ぶ。\n1996年\tOriental Medical Institute Of Hawaii 卒業\n1997年\t兵庫医科大学付属病院第５内科勤務\n1998年\t陳クリニック開業\n2015年\tトアロードクリニック開業", "place_iword": "hawaii", "exhibit_name": "仮面「アトゥア・コム」（ゾウ）", "exhibit_id": "H0006042", "exhibit_iword": "仮面", "exhibit_image_url": "http://htq.minpaku.ac.jp/images/mo/H0/00/60/H0006042-0001-ima05-0.jpg", "kaisetsu": "（『赤道アフリカの仮面』より）。"}, {"place_name": "atelier ROE 指輪工房", "lat": 34.691665, "lng": 135.188168, "review": "神戸元町にあるatelierROEさんで指輪を作りました💍\n不器用な私ですが、意外と簡単に思い通りの指輪を作る事ができました！。", "place_iword": "指輪", "exhibit_name": "仮面「アトゥア・コム」（ゾウ）", "exhibit_id": "H0006042", "exhibit_iword": "仮面", "exhibit_image_url": "http://htq.minpaku.ac.jp/images/mo/H0/00/60/H0006042-0001-ima05-0.jpg", "kaisetsu": "（『赤道アフリカの仮面』より）。"}, {"place_name": "KOMEHYO神戸三宮店", "lat": 34.6923104, "lng": 135.1953279, "review": "そしたらそこそこの買取額でした！店員さんが僕の腕時計見て査定してくれました。", "place_iword": "腕時計", "exhibit_name": "仮面「アトゥア・コム」（ゾウ）", "exhibit_id": "H0006042", "exhibit_iword": "仮面", "exhibit_image_url": "http://htq.minpaku.ac.jp/images/mo/H0/00/60/H0006042-0001-ima05-0.jpg", "kaisetsu": "（『赤道アフリカの仮面』より）。"}, {"place_name": "TRESOR 神戸本店", "lat": 34.69166819999999, "lng": 135.188148, "review": "神戸トアウエストにある結婚指輪・婚約指輪店さん。", "place_iword": "婚約指輪", "exhibit_name": "仮面「アトゥア・コム」（ゾウ）", "exhibit_id": "H0006042", "exhibit_iword": "仮面", "exhibit_image_url": "http://htq.minpaku.ac.jp/images/mo/H0/00/60/H0006042-0001-ima05-0.jpg", "kaisetsu": "（『赤道アフリカの仮面』より）。"}, {"place_name": "KCスタジオ", "lat": 34.6969644, "lng": 135.1997767, "review": "かなりコンパクトなスタジオですが、鏡もありラバーが貼ってあるので動きやすいです。", "place_iword": "ラバー", "exhibit_name": "仮面「アトゥア・コム」（ゾウ）", "exhibit_id": "H0006042", "exhibit_iword": "象牙", "exhibit_image_url": "http://htq.minpaku.ac.jp/images/mo/H0/00/60/H0006042-0001-ima05-0.jpg", "kaisetsu": "象牙が強調されているが、象牙はこの地方のフォンとよばれる王の象徴である。"}, {"place_name": "スタージュエリー 神戸大丸店", "lat": 34.688826, "lng": 135.190329, "review": "かわいいアクセサリーがいっぱい😉。", "place_iword": "アクセサリー", "exhibit_name": "仮面「アトゥア・コム」（ゾウ）", "exhibit_id": "H0006042", "exhibit_iword": "仮面", "exhibit_image_url": "http://htq.minpaku.ac.jp/images/mo/H0/00/60/H0006042-0001-ima05-0.jpg", "kaisetsu": "（『赤道アフリカの仮面』より）。"}, {"place_name": "ハートダンス", "lat": 34.6930284, "lng": 135.1942424, "review": "ﾌﾟﾁﾌﾟﾗのﾋﾟｱｽやﾍｱｱｸｾｻﾘｰなど､可愛い商品が沢山ありますよ(^^)。", "place_iword": "ｱｸｾｻﾘｰ", "exhibit_name": "仮面「アトゥア・コム」（ゾウ）", "exhibit_id": "H0006042", "exhibit_iword": "仮面", "exhibit_image_url": "http://htq.minpaku.ac.jp/images/mo/H0/00/60/H0006042-0001-ima05-0.jpg", "kaisetsu": "（『赤道アフリカの仮面』より）。"}, {"place_name": "ビストロ・アンリー", "lat": 34.6924468, "lng": 135.1913228, "review": "女子ウケ１００％❤\n\n市役所の裏手でオフィス街でもあるこの場所で、ガラスバリに木目の目隠し･･･\n緑と光が差し込む明るく、白い壁が映える店内.+*:ﾟ+｡.☆\n\nそして今ではなかなか珍しいクロスも二枚重ね\nピカピカのシルバーにグラス.+*:ﾟ+｡.☆\n\nこれだけでそのお店が分かります\n\nランチ￥２１６０(税別)\n\nメインが4品から選べます\n\nアミューズからワインに合いそうな仕立て❤\n白いお皿をキャンパスに見立てた盛り付けは、鮮やかでボリュームもたっぷり( *´︶`*)\n選べるメイン！\nこの存在感(๑>\u0602。", "place_iword": "目隠し", "exhibit_name": "仮面「アトゥア・コム」（ゾウ）", "exhibit_id": "H0006042", "exhibit_iword": "仮面", "exhibit_image_url": "http://htq.minpaku.ac.jp/images/mo/H0/00/60/H0006042-0001-ima05-0.jpg", "kaisetsu": "（『赤道アフリカの仮面』より）。"}, {"place_name": "雅ホリスティック歯科", "lat": 34.690075, "lng": 135.18929, "review": "\n親知らずの抜歯ですが、自分は左下なので口腔外科のある歯医者でなくてはならず、少し遠方から行かせていただいたのですが、行った当日に抜いていただけたのでとても助かりました。", "place_iword": "親知らず", "exhibit_name": "仮面「アトゥア・コム」（ゾウ）", "exhibit_id": "H0006042", "exhibit_iword": "象牙", "exhibit_image_url": "http://htq.minpaku.ac.jp/images/mo/H0/00/60/H0006042-0001-ima05-0.jpg", "kaisetsu": "象牙が強調されているが、象牙はこの地方のフォンとよばれる王の象徴である。"}, {"place_name": "エビス宝飾店", "lat": 34.6910887, "lng": 135.1913423, "review": "結婚指輪どうしようと悩みながら歩いてる時に見つけたお店。", "place_iword": "結婚指輪", "exhibit_name": "仮面「アトゥア・コム」（ゾウ）", "exhibit_id": "H0006042", "exhibit_iword": "仮面", "exhibit_image_url": "http://htq.minpaku.ac.jp/images/mo/H0/00/60/H0006042-0001-ima05-0.jpg", "kaisetsu": "（『赤道アフリカの仮面』より）。"}, {"place_name": "磯丸水産 三宮駅前店", "lat": 34.69356329999999, "lng": 135.192841, "review": "各席にコンロが置いてあり、貝や蟹みその甲羅焼き等目の前で焼けるのが楽しい。", "place_iword": "甲羅", "exhibit_name": "仮面", "exhibit_id": "H0001482", "exhibit_iword": "甲羅", "exhibit_image_url": "http://htq.minpaku.ac.jp/images/mo/H0/00/14/H0001482-0001-PCD-P.jpg", "kaisetsu": "カメの甲羅を土台とし、その周囲に粘土をはりつけ、貝をうめこんでいる。"}, {"place_name": "隠れ家完全個室 蔵‐KURA‐ 三宮", "lat": 34.6935853, "lng": 135.1927225, "review": "ユッケ寿司はボリュームもあり、インスタ映えもしてとても美味しかったです！悪魔のチーズ肉タワーはサイコロステーキにチーズがたっぷりかかっててとても満足できました！飲み放題のメニューも豊富で満足できました。", "place_iword": "タワー", "exhibit_name": "仮面", "exhibit_id": "H0001482", "exhibit_iword": "土台", "exhibit_image_url": "http://htq.minpaku.ac.jp/images/mo/H0/00/14/H0001482-0001-PCD-P.jpg", "kaisetsu": "カメの甲羅を土台とし、その周囲に粘土をはりつけ、貝をうめこんでいる。"}, {"place_name": "こじま肛門外科 三宮フラワーロード診療所", "lat": 34.697149, "lng": 135.194108, "review": "質問したらそれに答えれば良いのにギャーギャー文句言ったら手術しないぞと恫喝めいた事をほざく。", "place_iword": "めいた", "exhibit_name": "仮面", "exhibit_id": "H0001482", "exhibit_iword": "土台", "exhibit_image_url": "http://htq.minpaku.ac.jp/images/mo/H0/00/14/H0001482-0001-PCD-P.jpg", "kaisetsu": "カメの甲羅を土台とし、その周囲に粘土をはりつけ、貝をうめこんでいる。"}, {"place_name": "ちょっと酔ってく？", "lat": 34.6950707, "lng": 135.1913057, "review": "\n別々の内容を占って貰いに二回行きましたが、どちらも中央のカードが正位置の塔でショックでしたw\nちなみに、今考えるとすごく当たっていたと思います。", "place_iword": "塔", "exhibit_name": "仮面", "exhibit_id": "H0001482", "exhibit_iword": "土台", "exhibit_image_url": "http://htq.minpaku.ac.jp/images/mo/H0/00/14/H0001482-0001-PCD-P.jpg", "kaisetsu": "カメの甲羅を土台とし、その周囲に粘土をはりつけ、貝をうめこんでいる。"}, {"place_name": "リノベーション・神戸市【リノベ不動産｜re:nov】", "lat": 34.6902648, "lng": 135.1965126, "review": "リノベーションの件でご相談させて頂き、ご親切にお教え頂きました。", "place_iword": "リノベーション", "exhibit_name": "仮面", "exhibit_id": "H0001482", "exhibit_iword": "土台", "exhibit_image_url": "http://htq.minpaku.ac.jp/images/mo/H0/00/14/H0001482-0001-PCD-P.jpg", "kaisetsu": "カメの甲羅を土台とし、その周囲に粘土をはりつけ、貝をうめこんでいる。"}, {"place_name": "SAKANA-YA UOHIDE 魚秀", "lat": 34.69703649999999, "lng": 135.1907913, "review": "\n頭半分はどうしたんですか？他の料理に使ったんですか？\nアカンで、そういう商売したら。", "place_iword": "頭", "exhibit_name": "仮面", "exhibit_id": "H0001482", "exhibit_iword": "甲羅", "exhibit_image_url": "http://htq.minpaku.ac.jp/images/mo/H0/00/14/H0001482-0001-PCD-P.jpg", "kaisetsu": "カメの甲羅を土台とし、その周囲に粘土をはりつけ、貝をうめこんでいる。"}, {"place_name": "KCスタジオ", "lat": 34.6969644, "lng": 135.1997767, "review": "かなりコンパクトなスタジオですが、鏡もありラバーが貼ってあるので動きやすいです。", "place_iword": "ラバー", "exhibit_name": "仮面", "exhibit_id": "H0001482", "exhibit_iword": "甲羅", "exhibit_image_url": "http://htq.minpaku.ac.jp/images/mo/H0/00/14/H0001482-0001-PCD-P.jpg", "kaisetsu": "カメの甲羅を土台とし、その周囲に粘土をはりつけ、貝をうめこんでいる。"}, {"place_name": "ホワイトニングラウンジHappica神戸三宮店", "lat": 34.692325, "lng": 135.1913161, "review": "\n歯も白くなり効果ありです！！。", "place_iword": "歯", "exhibit_name": "仮面", "exhibit_id": "H0001482", "exhibit_iword": "甲羅", "exhibit_image_url": "http://htq.minpaku.ac.jp/images/mo/H0/00/14/H0001482-0001-PCD-P.jpg", "kaisetsu": "カメの甲羅を土台とし、その周囲に粘土をはりつけ、貝をうめこんでいる。"}, {"place_name": "ペットパラダイスＤＸ 神戸三宮店", "lat": 34.69184189999999, "lng": 135.1938629, "review": "が！その後しばらくして乳歯が生え変わり、どの獣医さんもトレーナーも数件のブリーダーさんも、最低でも３ヶ月はごまかされてると言われた。", "place_iword": "乳歯", "exhibit_name": "仮面", "exhibit_id": "H0001482", "exhibit_iword": "甲羅", "exhibit_image_url": "http://htq.minpaku.ac.jp/images/mo/H0/00/14/H0001482-0001-PCD-P.jpg", "kaisetsu": "カメの甲羅を土台とし、その周囲に粘土をはりつけ、貝をうめこんでいる。"}, {"place_name": "BLUEPORT", "lat": 34.6956113, "lng": 135.1934182, "review": "ライブよかった\nただ階段に手すりが欲しかった。", "place_iword": "手すり", "exhibit_name": "仮面", "exhibit_id": "H0001482", "exhibit_iword": "土台", "exhibit_image_url": "http://htq.minpaku.ac.jp/images/mo/H0/00/14/H0001482-0001-PCD-P.jpg", "kaisetsu": "カメの甲羅を土台とし、その周囲に粘土をはりつけ、貝をうめこんでいる。"}, {"place_name": "アート美空間Ｓａｇａ", "lat": 34.6937852, "lng": 135.1889784, "review": "ちょっと変わった作品を制作している作家さんがよく個展、グループ展を開催しています。", "place_iword": "作品", "exhibit_name": "「私の行く道」", "exhibit_id": "H0210496", "exhibit_iword": "マネノ", "exhibit_image_url": "http://htq.minpaku.ac.jp/images/mo/H0/21/04/H0210496-0001-ima03-0.jpg", "kaisetsu": "マネノ・フアレスは1974年、チュルカナスで生まれた。"}, {"place_name": "ＢＡＲ崑崙", "lat": 34.6934561, "lng": 135.1911136, "review": "年に数回ですが通いだして20年。", "place_iword": "年", "exhibit_name": "「私の行く道」", "exhibit_id": "H0210496", "exhibit_iword": "フアレス", "exhibit_image_url": "http://htq.minpaku.ac.jp/images/mo/H0/21/04/H0210496-0001-ima03-0.jpg", "kaisetsu": "マネノ・フアレスは1974年、チュルカナスで生まれた。"}, {"place_name": "結婚相談所フィオーレ 神戸店", "lat": 34.690469, "lng": 135.193181, "review": "婚活中はしんどい事もありましたが、お見合いのたびにエネルギーを注入してくれたり、背中を押してもらえました。", "place_iword": "エネルギー", "exhibit_name": "「私の行く道」", "exhibit_id": "H0210496", "exhibit_iword": "マネノ", "exhibit_image_url": "http://htq.minpaku.ac.jp/images/mo/H0/21/04/H0210496-0001-ima03-0.jpg", "kaisetsu": "マネノ・フアレスは1974年、チュルカナスで生まれた。"}, {"place_name": "香港甜品店 甜蜜蜜", "lat": 34.6893468, "lng": 135.1904446, "review": "持ってきますと追い返され\nﾀﾌﾞﾚｯﾄいじっていてこちらのことは無視で一人客は見下しているのか？ｷｬﾗT着たﾃﾞﾌﾞ店員。", "place_iword": "ｷｬﾗ", "exhibit_name": "「私の行く道」", "exhibit_id": "H0210496", "exhibit_iword": "マネノ", "exhibit_image_url": "http://htq.minpaku.ac.jp/images/mo/H0/21/04/H0210496-0001-ima03-0.jpg", "kaisetsu": "マネノ・フアレスは1974年、チュルカナスで生まれた。"}, {"place_name": "ローズブーケ", "lat": 34.69422430000001, "lng": 135.1895408, "review": "\n佇まい・物腰ともに素晴らしい、あ、これは店舗だけじゃなく人物も。", "place_iword": "人物", "exhibit_name": "「私の行く道」", "exhibit_id": "H0210496", "exhibit_iword": "マネノ", "exhibit_image_url": "http://htq.minpaku.ac.jp/images/mo/H0/21/04/H0210496-0001-ima03-0.jpg", "kaisetsu": "マネノ・フアレスは1974年、チュルカナスで生まれた。"}, {"place_name": "ファミリーマート 兵庫県警察本部店", "lat": 34.69007359999999, "lng": 135.1837912, "review": "外部の人は利用できないようです。", "place_iword": "外部", "exhibit_name": "「私の行く道」", "exhibit_id": "H0210496", "exhibit_iword": "フアレス", "exhibit_image_url": "http://htq.minpaku.ac.jp/images/mo/H0/21/04/H0210496-0001-ima03-0.jpg", "kaisetsu": "マネノ・フアレスは1974年、チュルカナスで生まれた。"}, {"place_name": "お肉の専門店スギモト", "lat": 34.6885534, "lng": 135.1900352, "review": "金土日特別メニューの神戸牛すき鍋定食おすすめ！\n\n1620円也。", "place_iword": "日", "exhibit_name": "「私の行く道」", "exhibit_id": "H0210496", "exhibit_iword": "フアレス", "exhibit_image_url": "http://htq.minpaku.ac.jp/images/mo/H0/21/04/H0210496-0001-ima03-0.jpg", "kaisetsu": "マネノ・フアレスは1974年、チュルカナスで生まれた。"}, {"place_name": "iPhone修理工房 神戸三宮店", "lat": 34.6912664, "lng": 135.190107, "review": "iPhone 7 Plus のガラス割れて、修理を頼みました。", "place_iword": "7", "exhibit_name": "「私の行く道」", "exhibit_id": "H0210496", "exhibit_iword": "フアレス", "exhibit_image_url": "http://htq.minpaku.ac.jp/images/mo/H0/21/04/H0210496-0001-ima03-0.jpg", "kaisetsu": "マネノ・フアレスは1974年、チュルカナスで生まれた。"}, {"place_name": "テイクアウトキッチンまかないや", "lat": 34.69130159999999, "lng": 135.1896676, "review": "マツコの知らない天津飯の世界で紹介されたとこ。", "place_iword": "世界", "exhibit_name": "「私の行く道」", "exhibit_id": "H0210496", "exhibit_iword": "フアレス", "exhibit_image_url": "http://htq.minpaku.ac.jp/images/mo/H0/21/04/H0210496-0001-ima03-0.jpg", "kaisetsu": "マネノ・フアレスは1974年、チュルカナスで生まれた。"}, {"place_name": "手作り 小料理 花暖", "lat": 34.6960777, "lng": 135.1916576, "review": "加古川出身の女将が調理するお料理は、加古郡出身の私には本当に懐かしい味付けの数々。", "place_iword": "出身", "exhibit_name": "「私の行く道」", "exhibit_id": "H0210496", "exhibit_iword": "フアレス", "exhibit_image_url": "http://htq.minpaku.ac.jp/images/mo/H0/21/04/H0210496-0001-ima03-0.jpg", "kaisetsu": "マネノ・フアレスは1974年、チュルカナスで生まれた。"}, {"place_name": "（株）オカダ洋傘店", "lat": 34.6881053, "lng": 135.1859038, "review": "持ち手が木彫りの落ち着いた傘を探し求めて見つけたお店。", "place_iword": "木彫り", "exhibit_name": "アレブリヘ : 木彫（ラッコ）", "exhibit_id": "H0268538", "exhibit_iword": "木彫", "exhibit_image_url": "http://htq.minpaku.ac.jp/images/mo/H0/26/85/H0268538-studio-00-01-org.jpg", "kaisetsu": "典型的なアレブリヘはメキシコ市で制作される怪物の紙人形だが、オアハカ州の木彫も形や色彩が「空想的な生き物」を思わせるため、アレブリヘとよばれるようになった。"}, {"place_name": "スプレーアート専門店Grant Leauvas（グランローヴァ）", "lat": 34.6880708, "lng": 135.1868616, "review": "今日のよ~いドン！［人間国宝さん］で八光さんが訪れました｡\n日本では､あまり広まっていませんが｡アメリカかメキシコが発祥と言われている､スプレーを吹くだけというよりも､吹いたモノをチョッと剥ぎ取ったりして模様を着けたりするアートで｡\n店内には､100点ぐらい置いてあり｡\n自分で見たものや､インスピレーション沸いた時などに描いたりするモノもあり｡ロマンチックな夢を見た時の自分の体験とか感情を描いたりする事もあるそうです｡\nスプレーアートとは､主にスプレー缶を使って､紙や壁などに絵や文字を描く芸術作品｡他のアートに比べ､完成するまでの時間がとても早く約5分ぐらいの時も………｡\nとても手軽ながら､芸術性の高い作品が出来るため若者を中心に｡今､徐々に火がつき始めているアート｡\n価格は､￥6.000~￥20.000ぐらいでお手頃なお値段｡マンションの部屋や廊下などに飾るのに､ちょうど良い大きさで｡気持ちを和ませてくれるモノが多く気軽に楽しめそうです😊💮｡#。", "place_iword": "スプレーアート", "exhibit_name": "アレブリヘ : 木彫（ラッコ）", "exhibit_id": "H0268538", "exhibit_iword": "工芸", "exhibit_image_url": "http://htq.minpaku.ac.jp/images/mo/H0/26/85/H0268538-studio-00-01-org.jpg", "kaisetsu": "アレブリヘとは：アレブリヘとは「空想的な生き物」の工芸品のことである。"}, {"place_name": "神戸阪急", "lat": 34.6930303, "lng": 135.1953322, "review": "阪急に看板は変わったけど中身はあまり変わってない。", "place_iword": "看板", "exhibit_name": "アレブリヘ : 木彫（ラッコ）", "exhibit_id": "H0268538", "exhibit_iword": "工芸", "exhibit_image_url": "http://htq.minpaku.ac.jp/images/mo/H0/26/85/H0268538-studio-00-01-org.jpg", "kaisetsu": "アレブリヘとは：アレブリヘとは「空想的な生き物」の工芸品のことである。"}, {"place_name": "ドンク 神戸阪急", "lat": 34.6930303, "lng": 135.1953322, "review": "写真はミニカヌレ２００ｇ。", "place_iword": "写真", "exhibit_name": "アレブリヘ : 木彫（ラッコ）", "exhibit_id": "H0268538", "exhibit_iword": "木彫", "exhibit_image_url": "http://htq.minpaku.ac.jp/images/mo/H0/26/85/H0268538-studio-00-01-org.jpg", "kaisetsu": "典型的なアレブリヘはメキシコ市で制作される怪物の紙人形だが、オアハカ州の木彫も形や色彩が「空想的な生き物」を思わせるため、アレブリヘとよばれるようになった。"}, {"place_name": "笹倉鉄平作品専門画廊、『元町コンフォート・ギャラリー』", "lat": 34.688162, "lng": 135.185275, "review": "ある依頼で訪ねたのですが、\n\n絵画って良いものだと思えた画廊^_^\n\n笹倉さんの絵は素晴らしいと思いました^ - ^。", "place_iword": "絵画", "exhibit_name": "アレブリヘ : 木彫（ラッコ）", "exhibit_id": "H0268538", "exhibit_iword": "工芸", "exhibit_image_url": "http://htq.minpaku.ac.jp/images/mo/H0/26/85/H0268538-studio-00-01-org.jpg", "kaisetsu": "アレブリヘとは：アレブリヘとは「空想的な生き物」の工芸品のことである。"}, {"place_name": "（株）甲南画材", "lat": 34.695552, "lng": 135.197266, "review": "素人の絵でも親身に額を選んで頂きました。", "place_iword": "絵", "exhibit_name": "アレブリヘ : 木彫（ラッコ）", "exhibit_id": "H0268538", "exhibit_iword": "工芸", "exhibit_image_url": "http://htq.minpaku.ac.jp/images/mo/H0/26/85/H0268538-studio-00-01-org.jpg", "kaisetsu": "アレブリヘとは：アレブリヘとは「空想的な生き物」の工芸品のことである。"}, {"place_name": "なが坂", "lat": 34.6961465, "lng": 135.190057, "review": "写真撮影不可なお店です。", "place_iword": "写真撮影", "exhibit_name": "アレブリヘ : 木彫（ラッコ）", "exhibit_id": "H0268538", "exhibit_iword": "木彫", "exhibit_image_url": "http://htq.minpaku.ac.jp/images/mo/H0/26/85/H0268538-studio-00-01-org.jpg", "kaisetsu": "典型的なアレブリヘはメキシコ市で制作される怪物の紙人形だが、オアハカ州の木彫も形や色彩が「空想的な生き物」を思わせるため、アレブリヘとよばれるようになった。"}, {"place_name": "神戸プロポーションアカデミー", "lat": 34.69279700000001, "lng": 135.19798, "review": "\n○○ザップとかはあまりにハードすぎて私は続かないのは分かっていたのですが、プロポーションアカデミーのコースは無理なく続けられるので本当におすすめです。", "place_iword": "プロポーション", "exhibit_name": "アレブリヘ : 木彫（ラッコ）", "exhibit_id": "H0268538", "exhibit_iword": "木彫", "exhibit_image_url": "http://htq.minpaku.ac.jp/images/mo/H0/26/85/H0268538-studio-00-01-org.jpg", "kaisetsu": "典型的なアレブリヘはメキシコ市で制作される怪物の紙人形だが、オアハカ州の木彫も形や色彩が「空想的な生き物」を思わせるため、アレブリヘとよばれるようになった。"}, {"place_name": "銀杏", "lat": 34.693696, "lng": 135.191348, "review": "空気感が最高でした。", "place_iword": "空気感", "exhibit_name": "アレブリヘ : 木彫（ラッコ）", "exhibit_id": "H0268538", "exhibit_iword": "木彫", "exhibit_image_url": "http://htq.minpaku.ac.jp/images/mo/H0/26/85/H0268538-studio-00-01-org.jpg", "kaisetsu": "典型的なアレブリヘはメキシコ市で制作される怪物の紙人形だが、オアハカ州の木彫も形や色彩が「空想的な生き物」を思わせるため、アレブリヘとよばれるようになった。"}, {"place_name": "BAR SLOPPY JOE", "lat": 34.6940323, "lng": 135.1897237, "review": "\nドア前に大きなポスターが貼ってあります。", "place_iword": "ポスター", "exhibit_name": "アレブリヘ : 木彫（ラッコ）", "exhibit_id": "H0268538", "exhibit_iword": "工芸", "exhibit_image_url": "http://htq.minpaku.ac.jp/images/mo/H0/26/85/H0268538-studio-00-01-org.jpg", "kaisetsu": "アレブリヘとは：アレブリヘとは「空想的な生き物」の工芸品のことである。"}, {"place_name": "バーガーキング阪急三宮駅前店", "lat": 34.6938957, "lng": 135.1930784, "review": "ワッパーのボリュームもジューシーなパテも好みです。", "place_iword": "ワッパー", "exhibit_name": "ジープニー", "exhibit_id": "H0202486", "exhibit_iword": "ジープ", "exhibit_image_url": "", "kaisetsu": "ジープニーという名前は、アメリカ軍が払いさげた軍用車ジープを改造してつくられたことに由来する。"}, {"place_name": "魚喜神戸元町店", "lat": 34.6887617, "lng": 135.1883038, "review": "回転寿司と聞いて行きましたが、回ってるのは湯飲みやお皿ばっかりで、全て注文して、前から渡してくれます。", "place_iword": "回転寿司", "exhibit_name": "ジープニー", "exhibit_id": "H0202486", "exhibit_iword": "ジープ", "exhibit_image_url": "", "kaisetsu": "ジープニーという名前は、アメリカ軍が払いさげた軍用車ジープを改造してつくられたことに由来する。"}, {"place_name": "QB HOUSE JR三ノ宮駅店", "lat": 34.6949139, "lng": 135.1950073, "review": "Suica が使えてよかったです", "place_iword": "suica", "exhibit_name": "ジープニー", "exhibit_id": "H0202486", "exhibit_iword": "ジープ", "exhibit_image_url": "", "kaisetsu": "ジープニーという名前は、アメリカ軍が払いさげた軍用車ジープを改造してつくられたことに由来する。"}, {"place_name": "麺家 三ノ宮店", "lat": 34.694985, "lng": 135.194899, "review": "朝、美味しくいただいています。ICOCA支払いができまして非常に便利です。スタッフの皆様朝早くからご馳走様です😌💓これからもよろしくお願いいたします。", "place_iword": "icoca", "exhibit_name": "ジープニー", "exhibit_id": "H0202486", "exhibit_iword": "ジープ", "exhibit_image_url": "", "kaisetsu": "ジープニーという名前は、アメリカ軍が払いさげた軍用車ジープを改造してつくられたことに由来する。"}, {"place_name": "ミオール KOBE", "lat": 34.6923295, "lng": 135.1948687, "review": "\n気がついたら、写メ撮るのを忘れていた❗️\n\n次は神戸のお店で食べたいと思いました。", "place_iword": "写メ", "exhibit_name": "ジープニー", "exhibit_id": "H0202486", "exhibit_iword": "ジープ", "exhibit_image_url": "", "kaisetsu": "ジープニーという名前は、アメリカ軍が払いさげた軍用車ジープを改造してつくられたことに由来する。"}, {"place_name": "スイーツパラダイス クレフィ三宮店", "lat": 34.6910927, "lng": 135.1930345, "review": "マスカットはあっさりして巨峰は甘味があり美味しかったです。", "place_iword": "巨峰", "exhibit_name": "ジープニー", "exhibit_id": "H0202486", "exhibit_iword": "ジープ", "exhibit_image_url": "", "kaisetsu": "ジープニーという名前は、アメリカ軍が払いさげた軍用車ジープを改造してつくられたことに由来する。"}, {"place_name": "韓国料理 炎 ENG （エン）", "lat": 34.6928963, "lng": 135.1906471, "review": "料理自体は美味しかったです◎\n\nしかしタバコを吸う人も吸わない人も同じ空間なので(つまりは分煙されていない)\n席の周りを喫煙者に囲まれるとめちゃくちゃ煙たかったです。", "place_iword": "つまり", "exhibit_name": "ジープニー", "exhibit_id": "H0202486", "exhibit_iword": "ジープ", "exhibit_image_url": "", "kaisetsu": "ジープニーという名前は、アメリカ軍が払いさげた軍用車ジープを改造してつくられたことに由来する。"}, {"place_name": "笑麺亭 神戸生田新道店", "lat": 34.6931028, "lng": 135.1896352, "review": "接客は温かみで満ちており、無料wifi、トッピングも無料のものも多数ありましたが、札幌の米風亭に比べると、味の感動はありませんでした。", "place_iword": "wifi", "exhibit_name": "ジープニー", "exhibit_id": "H0202486", "exhibit_iword": "ジープ", "exhibit_image_url": "", "kaisetsu": "ジープニーという名前は、アメリカ軍が払いさげた軍用車ジープを改造してつくられたことに由来する。"}, {"place_name": "ヤマト運輸 神戸琴ノ緒町センター", "lat": 34.6969642, "lng": 135.1961754, "review": "営業しない日がある、使い勝手の悪い宅急便センター。", "place_iword": "宅急便", "exhibit_name": "ジープニー", "exhibit_id": "H0202486", "exhibit_iword": "ジープ", "exhibit_image_url": "", "kaisetsu": "ジープニーという名前は、アメリカ軍が払いさげた軍用車ジープを改造してつくられたことに由来する。"}, {"place_name": "心や", "lat": 34.68843690000001, "lng": 135.1894712, "review": "\n黒ラベルの生ビールも嬉しかったし、飲み物はどれも美味しかったです。", "place_iword": "黒ラベル", "exhibit_name": "ジープニー", "exhibit_id": "H0202486", "exhibit_iword": "ジープ", "exhibit_image_url": "", "kaisetsu": "ジープニーという名前は、アメリカ軍が払いさげた軍用車ジープを改造してつくられたことに由来する。"}, {"place_name": "モダナークファームカフェ Modernark pharm cafe", "lat": 34.6919669, "lng": 135.1888848, "review": "\n麩の肉風和物？やハンバーガー、ブリトーを食べましたが、全て美味しかったです。", "place_iword": "ブリトー", "exhibit_name": "「魚の壺」", "exhibit_id": "H0210585", "exhibit_iword": "ベニテス", "exhibit_image_url": "http://htq.minpaku.ac.jp/images/mo/H0/21/05/H0210585-0006-hyohon_studio-0.jpg", "kaisetsu": "この壺はセグンド・モンカダがたたきで造り、マヌエル・ベニテスが模様をつけた。"}, {"place_name": "宮本耳鼻咽喉科", "lat": 34.6958744, "lng": 135.1940703, "review": "小さいけどキッズスペースやオモチャ、絵本もあり\n何よりトーマスが走ってるジオラマに、子供も大人も満足するはず。", "place_iword": "トーマス", "exhibit_name": "「魚の壺」", "exhibit_id": "H0210585", "exhibit_iword": "ベニテス", "exhibit_image_url": "http://htq.minpaku.ac.jp/images/mo/H0/21/05/H0210585-0006-hyohon_studio-0.jpg", "kaisetsu": "この壺はセグンド・モンカダがたたきで造り、マヌエル・ベニテスが模様をつけた。"}, {"place_name": "ＢＡＲ崑崙", "lat": 34.6934561, "lng": 135.1911136, "review": "年に数回ですが通いだして20年。", "place_iword": "年", "exhibit_name": "「魚の壺」", "exhibit_id": "H0210585", "exhibit_iword": "セグンド", "exhibit_image_url": "http://htq.minpaku.ac.jp/images/mo/H0/21/05/H0210585-0006-hyohon_studio-0.jpg", "kaisetsu": "この壺はセグンド・モンカダがたたきで造り、マヌエル・ベニテスが模様をつけた。"}, {"place_name": "サッカーショップKAMO 神戸トアロード店 / SOCCER SHOP KAMO Kobe TOR-Road Store", "lat": 34.6901, "lng": 135.190769, "review": "\n\n特に神戸店という事で、ヴィッセルの選手のサインがいっぱいあるので、ヴィッセルファンは必見。", "place_iword": "選手", "exhibit_name": "「魚の壺」", "exhibit_id": "H0210585", "exhibit_iword": "ベニテス", "exhibit_image_url": "http://htq.minpaku.ac.jp/images/mo/H0/21/05/H0210585-0006-hyohon_studio-0.jpg", "kaisetsu": "この壺はセグンド・モンカダがたたきで造り、マヌエル・ベニテスが模様をつけた。"}, {"place_name": "ロビン", "lat": 34.686139, "lng": 135.187554, "review": "一般の男性にはちょうどいい量かもだけど。", "place_iword": "一般", "exhibit_name": "「魚の壺」", "exhibit_id": "H0210585", "exhibit_iword": "セビチェ", "exhibit_image_url": "http://htq.minpaku.ac.jp/images/mo/H0/21/05/H0210585-0006-hyohon_studio-0.jpg", "kaisetsu": "制作：Faith Ringgold（アフリカ系アメリカ人）装飾品装飾品チュルカナスの町では、海の魚が日常的に食されており、とりわけセビチェとよばれる鮮魚のマリネは住民の好物である。"}, {"place_name": "LES HIRONDELLES(レ ジロンデル）", "lat": 34.6883566, "lng": 135.1887755, "review": "\n\n早くから洋食文化が栄えた街という事でオムライス×カレーをいただきました。", "place_iword": "文化", "exhibit_name": "「魚の壺」", "exhibit_id": "H0210585", "exhibit_iword": "セビチェ", "exhibit_image_url": "http://htq.minpaku.ac.jp/images/mo/H0/21/05/H0210585-0006-hyohon_studio-0.jpg", "kaisetsu": "制作：Faith Ringgold（アフリカ系アメリカ人）装飾品装飾品チュルカナスの町では、海の魚が日常的に食されており、とりわけセビチェとよばれる鮮魚のマリネは住民の好物である。"}, {"place_name": "ファミリーマート 兵庫県警察本部店", "lat": 34.69007359999999, "lng": 135.1837912, "review": "外部の人は利用できないようです。", "place_iword": "外部", "exhibit_name": "「魚の壺」", "exhibit_id": "H0210585", "exhibit_iword": "ベニテス", "exhibit_image_url": "http://htq.minpaku.ac.jp/images/mo/H0/21/05/H0210585-0006-hyohon_studio-0.jpg", "kaisetsu": "この壺はセグンド・モンカダがたたきで造り、マヌエル・ベニテスが模様をつけた。"}, {"place_name": "志保", "lat": 34.695552, "lng": 135.197266, "review": "女将さんが優しくて、本当に日本の家庭料理ですね。", "place_iword": "日本", "exhibit_name": "「魚の壺」", "exhibit_id": "H0210585", "exhibit_iword": "セビチェ", "exhibit_image_url": "http://htq.minpaku.ac.jp/images/mo/H0/21/05/H0210585-0006-hyohon_studio-0.jpg", "kaisetsu": "制作：Faith Ringgold（アフリカ系アメリカ人）装飾品装飾品チュルカナスの町では、海の魚が日常的に食されており、とりわけセビチェとよばれる鮮魚のマリネは住民の好物である。"}, {"place_name": "ぱんのき。", "lat": 34.6942645, "lng": 135.1867372, "review": "\n土曜日に1週間分の電話予約を受付(100％繋がらない)\n春秋など季節が良い土曜日は6:30に来ても買えない\n夏冬とかだと7:00くらいでも買えます\n\n絶対に欲しかったら平日\n\n平日7:30過ぎに購入してそのまま出勤なんてことも...\n\n味は日本一美味しいです。", "place_iword": "ことも", "exhibit_name": "「魚の壺」", "exhibit_id": "H0210585", "exhibit_iword": "セビチェ", "exhibit_image_url": "http://htq.minpaku.ac.jp/images/mo/H0/21/05/H0210585-0006-hyohon_studio-0.jpg", "kaisetsu": "制作：Faith Ringgold（アフリカ系アメリカ人）装飾品装飾品チュルカナスの町では、海の魚が日常的に食されており、とりわけセビチェとよばれる鮮魚のマリネは住民の好物である。"}, {"place_name": "郷土大衆居酒屋 金八 雲井通本店", "lat": 34.6954362, "lng": 135.1972997, "review": "確かに郷土料理だが、地域もバラバラ\n何がメインかも分からなかったし、\n素材があまり良くない。", "place_iword": "地域", "exhibit_name": "「魚の壺」", "exhibit_id": "H0210585", "exhibit_iword": "セビチェ", "exhibit_image_url": "http://htq.minpaku.ac.jp/images/mo/H0/21/05/H0210585-0006-hyohon_studio-0.jpg", "kaisetsu": "制作：Faith Ringgold（アフリカ系アメリカ人）装飾品装飾品チュルカナスの町では、海の魚が日常的に食されており、とりわけセビチェとよばれる鮮魚のマリネは住民の好物である。"}, {"place_name": "神戸牛 ステーキ割烹 雪月花 炭火焼", "lat": 34.6963761, "lng": 135.1926192, "review": "テレビを見ていて神戸牛を割烹で頂けて、それも炉窯の炭火焼と言う聞いたことも無いフレーズに惹かれ是非行きたい！と思い神戸牛のコースを予約させて頂きました\n我儘で炉窯の前の席をお願いして当日目の前に炉窯の席を用意していただけて嬉しかったです\nスープに始まりたたき等どれも美味しかったです\nお肉はくり返し炉釜から出てくる度に神戸牛の表面が美味しそうで\n実際食べてみると見てるよりも何倍も美味しくて感動しました\n生の神戸牛を食べれた事も嬉しく凄く楽しくて有意義な時間を過ごさせて頂きました\nまた、お伺いさせていただきますね♪。", "place_iword": "炉", "exhibit_name": "陶器の皿", "exhibit_id": "H0217483", "exhibit_iword": "炉", "exhibit_image_url": "", "kaisetsu": "1990年代以降、アボリジニ女性たちの新しいビジネスとして、整形済み陶土の皿に絵を描き簡易な炉で焼いて土産品とする動きが見られる。"}, {"place_name": "じばさんele 神戸国際会館SOL店", "lat": 34.6921004, "lng": 135.1960651, "review": "地場産の陶器を数多く扱っており、スタッフさんも丁寧。", "place_iword": "陶器", "exhibit_name": "陶器の皿", "exhibit_id": "H0217483", "exhibit_iword": "陶土", "exhibit_image_url": "", "kaisetsu": "1990年代以降、アボリジニ女性たちの新しいビジネスとして、整形済み陶土の皿に絵を描き簡易な炉で焼いて土産品とする動きが見られる。"}, {"place_name": "セブン-イレブン ハートイン JR三ノ宮駅東口店", "lat": 34.6946757, "lng": 135.1950941, "review": "\n素焼きは食塩を使ってないので嬉しい！。", "place_iword": "素焼き", "exhibit_name": "陶器の皿", "exhibit_id": "H0217483", "exhibit_iword": "陶土", "exhibit_image_url": "", "kaisetsu": "1990年代以降、アボリジニ女性たちの新しいビジネスとして、整形済み陶土の皿に絵を描き簡易な炉で焼いて土産品とする動きが見られる。"}, {"place_name": "ティファニー 神戸阪急", "lat": 34.6929558, "lng": 135.1949999, "review": "梱包が丁寧で、贈答用のテーブルウェアを正確に発送してくださりました。", "place_iword": "テーブルウェア", "exhibit_name": "陶器の皿", "exhibit_id": "H0217483", "exhibit_iword": "陶土", "exhibit_image_url": "", "kaisetsu": "1990年代以降、アボリジニ女性たちの新しいビジネスとして、整形済み陶土の皿に絵を描き簡易な炉で焼いて土産品とする動きが見られる。"}, {"place_name": "ウマハロ", "lat": 34.6899667, "lng": 135.1965826, "review": "揚げも油も良く、旨味がギュッと凝縮していました。", "place_iword": "揚げ", "exhibit_name": "陶器の皿", "exhibit_id": "H0217483", "exhibit_iword": "炉", "exhibit_image_url": "", "kaisetsu": "1990年代以降、アボリジニ女性たちの新しいビジネスとして、整形済み陶土の皿に絵を描き簡易な炉で焼いて土産品とする動きが見られる。"}, {"place_name": "すぎなか", "lat": 34.6954652, "lng": 135.1917447, "review": "\n料理は、焼き物、煮物、揚げ物、お造りなどそれぞれ種類が多く、色々楽しめる。", "place_iword": "揚げ物", "exhibit_name": "陶器の皿", "exhibit_id": "H0217483", "exhibit_iword": "炉", "exhibit_image_url": "", "kaisetsu": "1990年代以降、アボリジニ女性たちの新しいビジネスとして、整形済み陶土の皿に絵を描き簡易な炉で焼いて土産品とする動きが見られる。"}, {"place_name": "鶏soba座銀 神戸本店", "lat": 34.68781929999999, "lng": 135.1854544, "review": "スープとごぼうの素揚げもとても相性よくいただけました。", "place_iword": "素揚げ", "exhibit_name": "陶器の皿", "exhibit_id": "H0217483", "exhibit_iword": "炉", "exhibit_image_url": "", "kaisetsu": "1990年代以降、アボリジニ女性たちの新しいビジネスとして、整形済み陶土の皿に絵を描き簡易な炉で焼いて土産品とする動きが見られる。"}, {"place_name": "SAKANA-YA UOHIDE 魚秀", "lat": 34.69703649999999, "lng": 135.1907913, "review": "店頭で一匹まるごと購入し、半分刺身半分煮付けとアラ炊きを注文しました。", "place_iword": "煮付け", "exhibit_name": "陶器の皿", "exhibit_id": "H0217483", "exhibit_iword": "炉", "exhibit_image_url": "", "kaisetsu": "1990年代以降、アボリジニ女性たちの新しいビジネスとして、整形済み陶土の皿に絵を描き簡易な炉で焼いて土産品とする動きが見られる。"}, {"place_name": "源平 本店", "lat": 34.6923639, "lng": 135.1909815, "review": "勢子ガニ、キンキ、煮つけなど。", "place_iword": "煮つけ", "exhibit_name": "陶器の皿", "exhibit_id": "H0217483", "exhibit_iword": "炉", "exhibit_image_url": "", "kaisetsu": "1990年代以降、アボリジニ女性たちの新しいビジネスとして、整形済み陶土の皿に絵を描き簡易な炉で焼いて土産品とする動きが見られる。"}, {"place_name": "合や", "lat": 34.69645699999999, "lng": 135.191822, "review": "フライに、タジン鍋の蒸し物、おにぎり、アイスクリームと、飲み放題で、3500円。", "place_iword": "蒸し物", "exhibit_name": "陶器の皿", "exhibit_id": "H0217483", "exhibit_iword": "炉", "exhibit_image_url": "", "kaisetsu": "1990年代以降、アボリジニ女性たちの新しいビジネスとして、整形済み陶土の皿に絵を描き簡易な炉で焼いて土産品とする動きが見られる。"}, {"place_name": "不動明王像", "lat": 34.689618, "lng": 135.1838973, "review": "\n少子高齢化で子供の数が減ってきたのですが、夏には地蔵盆で、近所に住む子供達の名前の入った提灯が掲げられます。", "place_iword": "提灯", "exhibit_name": "漆椀", "exhibit_id": "H0277945", "exhibit_iword": "漆器", "exhibit_image_url": "", "kaisetsu": "家の上座に積まれた漆器は、裕福さを示すものだった。"}, {"place_name": "正直屋", "lat": 34.688542, "lng": 135.187272, "review": "大量生産にない温かみのあるリングに妻も大喜びです。", "place_iword": "大量生産", "exhibit_name": "漆椀", "exhibit_id": "H0277945", "exhibit_iword": "漆器", "exhibit_image_url": "", "kaisetsu": "家の上座に積まれた漆器は、裕福さを示すものだった。"}, {"place_name": "旧居留地下水道公開施設", "lat": 34.6870858, "lng": 135.1924525, "review": "煉瓦って丈夫なんですね。", "place_iword": "煉瓦", "exhibit_name": "漆椀", "exhibit_id": "H0277945", "exhibit_iword": "漆器", "exhibit_image_url": "", "kaisetsu": "家の上座に積まれた漆器は、裕福さを示すものだった。"}, {"place_name": "神戸らんぷミュージアム", "lat": 34.6885025, "lng": 135.194058, "review": "\nランプは好きなのですが、行灯とかも結構風情があって良かったです。", "place_iword": "行灯", "exhibit_name": "漆椀", "exhibit_id": "H0277945", "exhibit_iword": "漆器", "exhibit_image_url": "", "kaisetsu": "家の上座に積まれた漆器は、裕福さを示すものだった。"}, {"place_name": "CLARET", "lat": 34.68838040000001, "lng": 135.1879645, "review": "なんか下水臭い。", "place_iword": "下水", "exhibit_name": "漆椀", "exhibit_id": "H0277945", "exhibit_iword": "漆器", "exhibit_image_url": "", "kaisetsu": "家の上座に積まれた漆器は、裕福さを示すものだった。"}, {"place_name": "100BANスタジオ", "lat": 34.688853, "lng": 135.194503, "review": "\nあと、一箇所だけ下水道の香りがぷんぷんしているスタジオがあった(2、3年前に確認しましたが現在は知りません)のでそこも修復してくれていると良いなと。", "place_iword": "下水道", "exhibit_name": "漆椀", "exhibit_id": "H0277945", "exhibit_iword": "漆器", "exhibit_image_url": "", "kaisetsu": "家の上座に積まれた漆器は、裕福さを示すものだった。"}, {"place_name": "goriyoga -ゴリヨガ- 神戸三宮店", "lat": 34.6970397, "lng": 135.1974532, "review": "\nヨガだけでなくエアリアルやホイール、サスペンションといったクラスもあるので飽きがきません。", "place_iword": "ホイール", "exhibit_name": "漆椀", "exhibit_id": "H0277945", "exhibit_iword": "漆器", "exhibit_image_url": "", "kaisetsu": "家の上座に積まれた漆器は、裕福さを示すものだった。"}, {"place_name": "ムラサキスポーツ 神戸三宮オーパ店", "lat": 34.6917191, "lng": 135.1937971, "review": "店員とな品揃えはいいねんけど\u3000デッキとグリップ買ってセットアップ店員にしてもらう時\u3000デッキについてるステッカーとかくれへん人おるから注意\u3000いるんやったら自分でそれ持って帰りたいですとか言わな伝わらへんと思う\u3000\u3000ウィールとか変える時も古いウィール外した時手渡しでくれへんから自分で取るしかない\u3000まあ俺はその古いウィールベアリング無くなってたし、小さくなってたからいらんかったから都合良かったけど、コレクションしたい人は要注意やでー。", "place_iword": "ウィール", "exhibit_name": "漆椀", "exhibit_id": "H0277945", "exhibit_iword": "漆器", "exhibit_image_url": "", "kaisetsu": "家の上座に積まれた漆器は、裕福さを示すものだった。"}, {"place_name": "PORTAIL QUEST", "lat": 34.6924214, "lng": 135.1957542, "review": "活版印刷体験。", "place_iword": "活版印刷", "exhibit_name": "漆椀", "exhibit_id": "H0277945", "exhibit_iword": "漆器", "exhibit_image_url": "", "kaisetsu": "家の上座に積まれた漆器は、裕福さを示すものだった。"}, {"place_name": "志保", "lat": 34.695552, "lng": 135.197266, "review": "女将さんが優しくて、本当に日本の家庭料理ですね。", "place_iword": "日本", "exhibit_name": "漆椀", "exhibit_id": "H0277945", "exhibit_iword": "漆器", "exhibit_image_url": "", "kaisetsu": "家の上座に積まれた漆器は、裕福さを示すものだった。"}]